序號,漢字,Unicode,字集,有疑問／想挑戰紀錄,台客語,IICore台,IICore港,甲表,乙表,小字典,重編,縣市名,路名,姓氏,考生,城市,JIS,字型數,分類,附註
7491,㹴,3.00E+74,ExtA,,,,,,,,,,,,,,,6,,㹴犬
9114,䠷,4837,ExtA,,,,,,,,,,,,,,,4,,"建議基本包增收「䠷」字，常用詞為「高䠷」。
 「䠷」字Big-5未收，使得長久以來多以「高挑」取代。
 現代漢語中，「高䠷」屬常用詞，教育部辭典中適合中學與小學之簡編本、小辭典亦皆有收錄。"
5012,万,4.00E+07,Big5-2,,,A,,V,,V,,,2,8,,1,常,13,異體,萬
5013,与,04E0E,Big5-2,,,,,V,,,,,,,,1,常,13,異體,與
21,丰,4.00E+30,Big5-1,,A,A,,V,V,V,,,,319,,3,,14,不分類,14 都有收
5014,丼,04E3C,Big5-2,台,B,,,,,,,,,,,2,常,13,食物,牛丼
5702,乂,4.00E+42,Big5-2,,,A,,V,,V,,,,11,1,2,,11,,乂煞氣a文字乂
38,乜,04E5C,Big5-2,台、客,B,B,,V,,V,,,46,,,,,14,不分類,14 都有收
5399,亓,4.00E+93,Big5-2,,B,,,V,,V,,,239,15,,,,12,姓氏、人名,少見姓氏
5703,亘,4.00E+98,CJK,,,A,,,,V,,,,520,1,1,人,11,姓氏、人名,
5015,亢,04EA2,Big5-1,台、客,A,A,,V,V,V,,,84,25,,2,,13,常用詞,高亢
5016,亳,04EB3,Big5-1,,A,,,V,,V,,,,,,2,,13,史地用字,商湯定都於亳縣
5400,仝,04EDD,Big5-2,台,A,A,,V,V,V,,,203,14,,,,12,異體,同
5401,仨,04EE8,Big5-2,,,,,V,,V,,,,,,,,12,姓氏、人名,公司行號多
6755,仵,04EF5,Big5-2,台,,,,V,,V,,,37,,,4,,8,古漢文,仵作（驗屍官）
5402,价,04EF7,Big5-2,,,A,,V,,V,,,,54,,2,,12,異體,價
5704,伃,04F03,CJK,,,,,,,V,,,,1439,,3,,11,姓氏、人名,
6417,伋,04F0B,Big5-1,,A,A,,V,,V,,,4,6,,3,,9,,
5403,伎,04F0E,Big5-2,,A,A,,V,,V,,,,7,,1,常,12,常用詞,伎倆
5017,优,04F18,Big5-2,,A,,,V,,V,,,2,,,,,13,異體,優
5705,伝,04F1D,Big5-2,,,,,,,,,,,,,1,常,11,異體,傳
116,佈,04F48,Big5-1,台、客,A,A,,V,V,V,,,6,1,,3,,14,不分類,14 都有收
122,体,04F53,Big5-2,,A,,,V,,V,,,,,,1,常,14,不分類,14 都有收
5404,佘,04F58,Big5-2,台,B,B,,V,,V,,,3598,224,,4,,12,姓氏、人名,姓氏
5018,佚,04F5A,Big5-1,,A,A,,V,V,V,,,,12,,2,,13,常用詞,佚名
5405,佟,04F5F,Big5-2,台,B,B,,V,,V,,,642,53,,3,,12,姓氏、人名,公司行號多
5406,佢,04F62,Big5-2,客,B,B,,V,,,,,,1,,,,12,,粵語
5706,佶,04F76,Big5-2,,A,A,,V,,V,,,,139,,2,,11,命名常用,
6420,佺,04F7A,Big5-1,,A,A,,V,,V,,,,18,,4,,9,,
5019,佼,04F7C,Big5-2,,A,A,,V,,V,,,,25,,1,,13,常用詞,佼佼者
143,侄,04F84,Big5-2,,A,A,,V,,V,,,,,,,,14,不分類,14 都有收
149,侑,04F91,Big5-1,,A,A,,V,,V,,,,1420,,2,人,14,不分類,14 都有收
5707,侔,04F94,Big5-2,,,,,V,,V,,,,2,,3,,11,,命名偶爾用
5708,侗,04F97,Big5-2,台,,A,,V,,V,,,,2,,3,,11,命名常用,
5709,侘,04F98,Big5-2,,,A,,V,,V,,,,,,2,,11,日文,侘寂
157,侷,04FB7,Big5-1,台,A,,,V,,V,,,,,,,,14,不分類,14 都有收
7100,俋,04FCB,Big5-2,,C,,,V,,,,,,86,,4,,7,,
7503,俣,04FE3,CJK,,,,,,,,,,,,2,1,人,6,,
5710,俥,04FE5,CJK,,B,,,,,,,,,,,2,,11,偶爾會用,象棋
5407,俬,04FEC,Big5-2,,B,B,,,,,,,,,,,,12,常用詞,家俬
5711,俵,04FF5,Big5-2,,A,A,,V,,V,,,,,,1,常,11,,命名偶爾用
6054,俶,04FF6,Big5-2,,B,,,V,,V,,,,27,,2,,10,,
6055,倜,0501C,Big5-2,,A,A,,V,,V,,,,3,,4,,10,,風流倜儻
5020,倢,5022,Big5-2,,C,,,V,,V,,,,438,,4,,13,姓氏、人名,姓名常用
6056,倬,0502C,Big5-2,,A,A,,V,,V,,,,105,,2,,10,,
5408,偈,5048,Big5-2,,A,A,,V,,V,,,,10,,2,,12,常用詞,侷限
6761,偭,0506D,Big5-1,,A,,,V,,V,,,,,,,,8,,離騷：偭規矩而改錯
5409,偲,5072,Big5-2,,A,,,V,,V,,,,343,,1,人,12,,
5712,傌,0508C,Big5-2,,,,,V,,V,,,,,,,,11,偶爾會用,象棋
5412,傚,0509A,Big5-1,,A,A,,V,,V,,,,1,,2,,12,常用詞,仿傚
5713,傜,0509C,Big5-2,,C,,,V,,V,,,,,,4,,11,,
5413,傣,050A3,Big5-2,,A,A,,V,,V,,,,,,4,,12,常用詞,傣族；傣語
5714,傴,050B4,Big5-2,,,,,V,,V,,,,,,2,,11,,粵語日文好像偶爾用
5414,僂,050C2,Big5-2,,C,,,V,,V,,,,,,2,,12,常用詞,僂儸
6421,僇,050C7,Big5-1,,A,,,V,,V,,,,,,4,,9,,
6058,僉,050C9,Big5-2,,A,A,,V,,V,,,,,,2,,10,,
5715,僎,050CE,Big5-1,,A,,,V,,V,,,,,,4,,11,古漢文,
5716,僞,050DE,CJK,,,A,,,,,,,,,,2,人,11,異體,"建議將「爲」「僞」由日文包移至基本包。
漢字文化圈中，僅韓國〈漢文教育用基礎漢字〉將「爲」列為教用字。中國大陸已簡化作「为」，「爲」屬繁體字；香港〈常用字字形表〉收「為」，註「亦作爲」；台灣「常用國字標準字體表」收「為」，「爲」列為異體字；日本〈常用漢字表〉收新字體「為」，舊字體「爲」收於〈人名用漢字表〉。將「爲」作為偏旁之「僞」字亦同。
在使用傳統漢字之華人地區，「爲/僞」仍常見於印刷、手寫，或取名採用之字形。收於日文包可能基於〈人名用漢字表〉，但實際上華語人士才是「爲/僞」之大量使用者，因此應移至基本包為妥。"
6764,僩,5.00E+10,Big5-1,,A,,,V,,V,,,,7,,4,,8,,
5717,儆,5106,Big5-2,客,A,A,,V,,V,,,,2,,3,,11,常用詞,殺雞儆猴
259,儕,5115,Big5-1,客,A,A,,V,,V,,,,23,,2,,14,不分類,14 都有收
5415,儸,5138,Big5-1,,A,,,V,V,V,,,,,,,,12,常用詞,僂儸
5416,儺,0513A,Big5-2,,,A,,V,,V,,,,,,2,,12,,兩面宿儺
5022,儻,0513B,Big5-1,,A,,,V,,V,,,,,,2,,13,常用詞,風流倜儻
267,儿,0513F,Big5-1,,A,,,,,V,,,,5,,2,,14,不分類,14 都有收
5024,党,0515A,Big5-2,,,,,V,,V,,,54,2,,1,常,13,異體,黨
5025,円,5186,CJK,,,A,,,,,,,,,,1,常,13,日文,貨幣 = 圓
300,冇,5187,Big5-2,台、客,B,B,,V,,,,,,,,,,14,不分類,14 都有收
5026,冏,0518F,Big5-2,,,C,,V,,V,,,,3,,2,,13,網路,
5027,冪,051AA,Big5-1,,A,A,,V,,V,,,,,,2,,13,科學工程,降冪
5029,冼,051BC,Big5-2,,B,B,,V,,V,,,521,33,,4,,13,姓氏、人名,姓氏、洗的異體
6067,凃,051C3,CJK,台語閱讀越懂,C,,,,,,,,16447,645,,3,,10,姓氏、人名,
5030,凄,051C4,Big5-2,,,A,,V,,,,,,,,1,常,13,異體,淒
5031,凭,051ED,CJK,,,A,,,,V,,,,38,,2,,13,異體,憑
5419,刖,5216,Big5-1,,A,,,V,,V,,,,,,4,,12,史地用字,古刑罰
5420,剉,5249,Big5-2,台,C,,,V,,V,,,,,,3,,12,常用詞,剉傷
5722,剮,0526E,Big5-2,,,,,,,V,,,,,,,,11,常用詞,千刀萬剮
5724,劄,5284,Big5-2,,C,,,V,,V,,,,,,4,,11,偶爾會用,劄記
382,劊,0528A,Big5-1,客,A,A,,V,,V,,,,,,,,14,不分類,14 都有收
6432,劓,5293,Big5-1,,A,,,V,,V,,,,,,3,,9,,
393,劭,052AD,Big5-2,,B,,,V,V,V,,,,1232,,2,,14,不分類,14 都有收
6774,劻,052BB,Big5-1,,A,,,,,V,,,,13,,4,,8,,
5725,劼,052BC,Big5-2,,,,,V,,V,,,,70,,2,,11,姓氏、人名,
6071,勣,5.20E+04,Big5-1,,A,A,,V,,V,,,,7,,2,,10,,
5726,勰,052F0,Big5-1,,A,,,V,,V,,1,,8,,3,,11,姓氏、人名,
411,勳,052F3,Big5-1,台,A,A,,,,V,,,,5894,,2,人,14,不分類,14 都有收
414,勺,052FA,Big5-1,客,A,A,,V,V,V,,,1,17,1,1,人,14,不分類,14 都有收
7523,匭,0532D,Big5-2,,C,,,V,,V,,,,,,,,6,,票匭、字匭
5422,卍,0534D,Big5-2,,,A,,V,,V,,,,,,2,,12,,
5425,厂,5382,Big5-2,,,,,V,,V,,,,2,,2,,12,部首,或作簡體廠用
468,厘,5398,Big5-2,台,A,A,,,V,V,,1,,1,,1,常,14,不分類,14 都有收
5728,叁,053C1,CJK,,,A,,,,,,,,,,,,11,常用詞,大寫數字三
481,双,053CC,CJK,,,,,,,,,19,33,22,,1,常,14,不分類,14 都有收
488,叡,5.30E+02,Big5-2,台,A,A,,V,,V,,,,1683,1,1,人,14,不分類,14 都有收
5428,叶,053F6,CJK,,,,,,,V,,,4,,,1,人,12,異體,日文的實現，或葉的簡體、協的異體
508,叻,053FB,Big5-1,,A,A,,V,,,,,,,47,,,14,不分類,14 都有收
5430,吔,5414,CJK,客語閱讀越懂,,,,,V,V,,,,,,,,12,狀聲詞,感嘆詞，現在多寫耶代替
534,听,0542C,Big5-1,,A,,,V,,V,,,,27,,2,,14,不分類,14 都有收
5033,吽,0543D,Big5-2,,B,,,,,V,,,,,,2,,13,常用詞,嗡嘛呢叭咪吽
5730,呔,5454,Big5-2,台,,B,,V,,V,,,,,,,,11,台語,
8264,呣,5463,Big5-2,,,,,,,,,,,,,,,5,,各種狀聲
6073,呤,5464,Big5-2,,B,,,,,,,,,1,,,,10,科學工程,嘌呤（或稱普林；食品成分常見）
554,呦,5466,Big5-2,,B,,,V,,V,,,,1,,4,,14,不分類,14 都有收
5431,呯,0546F,Big5-2,,B,B,,,,,,,,,,,,12,狀聲詞,
5432,呿,0547F,Big5-2,台、客,,,,V,,V,,,,,,3,,12,狀聲詞,呿！.
5433,咁,5481,Big5-2,,B,B,,V,,,,,,,,,,12,台語,台語「敢」報章常見異用字
6074,咂,5482,Big5-2,台、客,B,,,V,,V,,,,,,,,10,,
7534,咈,5488,Big5-2,,,,,V,,V,,,,,,3,,6,,笑聲
5434,咏,0548F,CJK,客例句,A,A,,,,V,,,,170,,2,,12,姓氏、人名,詠的異體，但常見於人名
5732,咔,5494,CJK,,B,,,,,,,,,,,,,11,狀聲詞,咔擦
577,咧,054A7,Big5-1,台、客,A,A,,V,,V,,,,,,,,14,不分類,14 都有收
579,咩,054A9,Big5-1,台,A,A,,V,V,V,,,,,,3,,14,不分類,14 都有收
5436,咭,054AD,Big5-2,,,B,,V,,V,,,,,,4,,12,異體,香港的卡
5034,咲,054B2,CJK,,,,,,,,,,,,,1,常,13,日文,開花、人名
5437,咾,054BE,Big5-2,台,C,,,,,,,1,,,,2,,12,常用詞,咕咾肉
589,咿,054BF,Big5-1,,A,,,V,,V,,,,1,,4,,14,不分類,14 都有收
594,哆,054C6,Big5-2,台、客,A,A,,V,,V,,,,,,3,,14,不分類,14 都有收
5035,哏,054CF,Big5-2,,,,,V,,V,,,,,,,,13,常用詞,沒哏
6791,哖,054D6,Big5-2,台,C,,,V,,V,,2,99,14,,,,8,,噍吧哖事件
5036,哞,054DE,Big5-2,,C,,,,V,,,,,,,,,13,常用詞,牛叫聲
5440,哧,5.40E+08,Big5-2,,B,,,V,,V,,,,,,,,12,常用詞,噗哧
610,哽,054FD,Big5-1,台、客,A,A,,V,V,V,,,,,,2,,14,不分類,14 都有收
612,唄,5504,Big5-2,,A,A,,V,,V,,,1,,10,1,常,14,不分類,14 都有收
614,唇,5507,Big5-1,台,A,A,,V,,V,,,,,,1,常,14,不分類,14 都有收
7125,唎,0550E,Big5-2,,,A,,,,,,,,2,,3,,7,,
616,唏,0550F,Big5-1,台,A,A,,V,,V,,,,,,2,,14,不分類,14 都有收
5734,唑,5511,Big5-2,,,,,V,,,,,,,,,,11,科學工程,唑吡坦；常見安眠藥成分
5441,唭,0552D,Big5-2,台,C,,,,,,,,,,,,,12,台灣地名,唭哩岸
5442,唰,5530,Big5-2,,B,,,V,,,,,,,,,,12,常用詞,狀聲
6793,唵,5535,Big5-2,,,A,,V,,V,,,,,,3,,8,,唵嘛呢叭咪吽
5736,啁,5541,Big5-1,,A,A,,V,V,V,,,,,,4,,11,,
5737,啅,5545,Big5-2,,,,,V,,V,,,,,,2,,11,粵語,
6078,啐,5550,Big5-2,客,B,,,V,,V,,,,,,3,,10,,
633,啓,5553,CJK,,,A,,,,V,,5,,7,,1,常,14,不分類,14 都有收
636,啗,5557,Big5-1,,A,,,V,,V,,,,,,2,,14,不分類,14 都有收
643,啥,5565,Big5-2,台,A,A,,V,,V,,,,,,,,14,不分類,14 都有收
5037,啵,5575,Big5-2,,C,,,V,,V,,,,,,,,13,常用詞,打啵
6081,啶,5576,Big5-2,,,,,V,,V,,,,,,,,10,,
6082,啷,5577,Big5-2,客,B,,,V,,V,,,,,,,,10,,
653,喆,5586,CJK,,,A,,,,V,,,,293,,3,,14,不分類,14 都有收
5740,喎,0558E,Big5-2,,,B,,,,V,,,,,,3,,11,粵語,
5038,喏,0558F,Big5-2,客,B,,,V,,V,,,,2,,,,13,狀聲詞,喏？
6083,喑,5591,Big5-2,台,,,,V,,V,,,,,,4,,10,,"建議將「喑」由本土包移至基本包。
「瘖啞」又作「喑啞」。中研院現代漢語語料庫詞頻統計「喑啞(VH)」頻率為1次（排序93826），香港中文大學現代漢語常用字頻統計「喑」字亦分別在陸港台前5000字內，該字有一定實用性。"
660,喙,5599,Big5-1,台,A,A,,V,V,V,,,,,,2,,14,不分類,14 都有收
5741,喨,055A8,Big5-2,台,B,,,V,,V,,,,93,,2,,11,姓氏、人名,
667,喫,055AB,Big5-1,客,A,A,,V,,V,,,,,,1,常,14,不分類,14 都有收
673,喵,055B5,Big5-2,,B,,,V,V,V,,,,,,,,14,不分類,14 都有收
5443,嗄,055C4,Big5-2,台、客,C,,,V,,V,,,2,1,,2,,12,狀聲詞,感嘆詞
6086,嗉,055C9,Big5-1,,A,,,V,,V,,,,,,4,,10,,
5039,嗒,055D2,Big5-2,客,B,B,,V,,V,,,,,,4,,13,狀聲詞,嗒嗒的馬蹄、機關槍嗒嗒嗒
5040,嗔,055D4,Big5-2,,A,A,,V,,V,,,,,,2,,13,常用詞,發怒義
5743,嗖,055D6,Big5-2,,,,,V,V,V,,,,,,,,11,,
5444,嗝,055DD,Big5-2,台,B,,,V,,V,,,,,,4,,12,常用詞,打嗝
5041,嗩,5.50E+10,Big5-2,,B,B,,V,,V,,,,,,4,,13,常用詞,嗩吶
5042,嗲,055F2,Big5-2,台、客,B,B,,V,,V,,,,,,,,13,常用詞,聲音很嗲
691,嗶,055F6,Big5-1,客,A,A,,V,V,V,,,,,,,,14,不分類,14 都有收
5746,嘌,0560C,Big5-2,,C,,,V,,V,,,,,,,,11,科學工程,嘌呤（或稱普林；食品成分常見）
5446,嘓,5613,Big5-2,台,C,,,V,,V,,,,,,,,12,狀聲詞,青蛙等叫聲
5447,嘜,0561C,Big5-2,,B,B,,V,,,,,,,,,,12,狀聲詞,常用狀聲字；台語「莫」的民間異用字
6091,嘞,0561E,CJK,,,,,,,,,,,,,,,10,,
7549,嘧,5627,Big5-2,,,,,V,,V,,,,,,,,6,,嘧啶
712,嘸,5638,Big5-2,,C,,,V,,V,,,,,,2,,14,不分類,14 都有收
716,噁,5641,Big5-2,台,C,,,V,,V,,,,,,,,14,不分類,14 都有收
717,噌,0564C,Big5-2,台,A,A,,V,,V,,,,,,1,人,14,不分類,14 都有收
6800,噍,0564D,CJK,台、客,,,,,,V,,2,,,,,,8,,噍吧哖事件
5749,噘,5658,Big5-2,,B,,,V,,V,,,,,,,,11,常用詞,噘嘴
722,噠,5660,Big5-2,,C,,,V,,V,,,,1,,4,,14,不分類,14 都有收
5043,噶,5676,Big5-1,台、客,A,,,V,,V,,,14,,14,3,,13,台灣地名,噶瑪蘭
6448,嚆,5686,Big5-2,,,A,,V,,V,,,,,,2,,9,,
5044,嚓,5693,Big5-2,台,B,B,,V,,,,,,,,,,13,常用詞,喀嚓
6450,嚦,056A6,Big5-2,,B,B,,V,,V,,,,1,,,,9,,
5448,囍,056CD,Big5-2,,A,A,,V,,,,,,,,4,,12,常用詞,
5449,囓,056D3,Big5-2,客,C,,,V,,,,,,,,2,,12,異體,齧
6098,囔,056D4,Big5-2,,B,,,V,,V,,,,,,,,10,,
5751,囗,056D7,Big5-2,,,,,V,,V,,,,,,2,,11,部首,
760,囝,056DD,Big5-1,台,A,A,,V,,V,,,,,,,,14,不分類,14 都有收
5045,囟,056DF,Big5-2,台、客,B,,,V,,V,,,,,,4,,13,古漢文,腦門的意思
5046,囡,5.60E+02,Big5-2,台,B,B,,V,V,V,,,,2,,,,13,常用詞,囡仔
5047,囧,5.60E+08,Big5-2,,,,,V,,V,,,,1,,,,13,網路,同冏
5048,囫,056EB,Big5-1,台、客,A,,,V,V,V,,,,,,,,13,常用詞,囫圇吞棗
5753,囹,056F9,Big5-2,客,A,A,,V,,V,,,,,,2,,11,常用詞,身陷囹圄
5049,囿,056FF,Big5-1,,A,A,,V,,V,,,,72,,2,,13,常用詞,囿於成見
5050,圄,5704,Big5-1,,A,A,,V,,V,,,,,,2,,13,常用詞,囹圄
5051,圇,5707,Big5-2,台,C,,,V,V,V,,,,,,,,13,常用詞,囫圇吞棗
6099,圉,5709,Big5-1,,A,,,V,,V,,,,1,,2,,10,,
5052,圜,0571C,Big5-2,台,B,,,V,,V,,,,64,,2,,13,常用詞,轉圜、韓圜
5053,圣,5723,Big5-2,,,,,,,,,,,3,,4,,13,簡體,聖
5755,圮,0572E,Big5-2,,C,,,V,V,V,,,,,,,,11,,
5054,圻,0573B,Big5-1,,A,A,,V,,V,,,,350,,2,,13,姓氏、人名,人名、公司名常用
783,坂,5742,CJK,,A,A,,,,V,,4,11,,76,1,常,14,不分類,14 都有收
11880,坋,0574B,Big5-2,,,,,,,,,,,,,,,2,,
5756,坌,0574C,Big5-2,台,C,,,V,,V,,,,,,4,,11,,大坌坑遺址
6804,坔,5754,CJK,台語閱讀越懂,C,,,,,,,3,,,,,,8,,台南、花蓮、地名
5055,坨,5768,Big5-2,,B,,,,,V,,,,,,4,,13,常用詞,一坨屎
5452,坯,0576F,Big5-2,台、客,A,A,,V,,V,,,,,,4,,12,常用詞,手拉坯
6100,坳,5773,Big5-2,台,B,,,V,,V,,,,,,4,,10,,
6101,坵,5775,Big5-2,台、客,A,A,,V,,V,,2,,1,1,4,,10,,烏坵
800,垓,5793,Big5-1,,A,A,,V,,V,,,,2,,2,,14,不分類,14 都有收
5757,垛,0579B,Big5-2,,A,,,V,,V,,,,,,,,11,命名常用,
5758,垵,057B5,Big5-2,,C,,,V,,,,4,,1,,,,11,命名常用,
6103,埆,057C6,Big5-2,台,C,,,V,,V,,,,,,2,,10,,土埆厝
5759,埒,057D2,Big5-2,台,B,,,V,,V,,1,,,,2,,11,台語,
810,埕,057D5,Big5-2,台、客,B,,,V,V,V,41,57,60,16,,,,14,不分類,14 都有收
5760,埗,057D7,CJK,,,B,,,,,,,,,,4,,11,粵語,深水埗
5453,埜,057DC,Big5-2,,A,,,V,,V,,1,,10,,1,人,12,異體,野
5761,埡,5.70E+02,Big5-2,,C,,,,V,,,,,,,,,11,,
6805,埭,057ED,Big5-2,,B,,,V,,V,,,,,,3,,8,,
5762,埴,057F4,Big5-2,,,A,,V,,V,,,,1,,1,人,11,古漢文,
6104,埵,057F5,Big5-2,,,,,V,,V,,,,,,3,,10,,心經：菩提薩埵
5763,埼,057FC,Big5-2,,A,A,,,,V,,,,28,10,1,常,11,世界地名,埼玉
5454,堀,5800,Big5-2,台,A,A,,V,,V,,6,4,,11,1,常,12,日文,新堀江
818,堃,5803,CJK,台語閱讀越懂,B,B,,,,V,,,,382,,,,14,不分類,14 都有收
5764,堇,5807,Big5-2,,C,,,V,,V,,,,29,,,,11,動植物,
5056,堉,5809,Big5-1,,A,A,,,,V,,,,184,,3,,13,姓氏、人名,人名常用
6106,堝,0581D,Big5-1,,A,,,V,,V,,,,,,2,,10,,
6454,堠,5820,Big5-1,,A,,,V,,V,,,,,,4,,9,,
5455,塋,0584B,Big5-1,,A,A,,V,,V,,,,1,,2,,12,姓氏、人名,
6107,塒,5852,Big5-1,客,A,,,V,,V,,,,,,2,,10,,
6457,塱,5871,Big5-2,,B,,,,,,,,,,,,,9,,
6109,塽,0587D,Big5-1,,A,A,,,,V,,,,2,,,,10,,
5766,墉,5889,Big5-2,,A,A,,V,,V,,,,35,,3,,11,姓氏、人名,
5456,墘,5898,Big5-2,台,C,,,V,,V,,31,,,,,,12,台灣地名,港墘
6807,墦,058A6,Big5-1,,A,,,V,,V,,,,,,,,8,,墦間酒食
5058,墩,058A9,Big5-1,台、客,A,A,,V,V,V,,51,,28,,3,,13,常用詞,橋墩
5457,墻,058BB,Big5-2,,A,A,,,,V,,1,,3,,2,,12,異體,牆
5767,壎,058CE,Big5-1,,A,A,,V,,V,,,,47,,3,,11,姓氏、人名,
5059,壼,058FC,Big5-2,客,C,,,V,V,V,,,,,,2,,13,不分類,原意是宮廷中的通道，現在是壺的常見訛寫字
5769,夬,0592C,Big5-2,,,B,,V,,V,,,,,,2,,11,命名常用,
890,夯,0592F,Big5-2,台,A,,,V,,V,,,,,,,,14,不分類,14 都有收
6110,奭,0596D,Big5-1,,A,A,,V,,V,,,,28,,3,,10,,
6111,奼,0597C,Big5-2,,C,,,V,V,V,,,,,,4,,10,,"建議基本包增收「奼」字，常用詞如「奼紫嫣紅」。
適用於小學生之《國語小字典》亦有收錄該字詞。"
926,妏,0598F,Big5-2,,C,,,,,,,,1,1407,,,,14,不分類,14 都有收
6814,妘,5998,Big5-2,,C,,,V,,,,,,356,,,,8,,人名太多ㄌ
5060,妲,059B2,Big5-2,台、客,B,,,V,,V,,,20,7,,2,,13,史地用字,妲己
5772,姝,059DD,Big5-2,,A,A,,V,,V,,,,465,,3,,11,常用詞,雙姝
6462,姮,059EE,Big5-2,,A,A,,V,,V,,,,217,,4,,9,,
961,姵,059F5,Big5-2,,C,,,,,,,,,2155,,,,14,不分類,14 都有收
5061,娉,05A09,Big5-1,台,A,A,,V,,V,,,,109,,2,,13,常用詞,娉婷
984,婕,05A55,Big5-2,,B,,,V,,V,,,,2406,,4,,14,不分類,14 都有收
5774,婬,05A6C,Big5-2,,,,,V,,V,,,,,,2,,11,,通淫
5062,婭,05A6D,Big5-2,,B,B,,V,,V,,,2,8,,3,,13,常用詞,翻譯名詞常用字
5775,媗,05A97,Big5-2,,C,,,,,,,,,76,,,,11,姓氏、人名,
5459,媜,05A9C,Big5-2,,B,B,,,,,,,,244,,4,,12,姓氏、人名,
5776,媞,05A9E,Big5-2,,C,,,V,,V,,,,50,,3,,11,姓氏、人名,
994,媧,05AA7,Big5-1,台,A,A,,V,V,V,,,,1,,3,,14,不分類,14 都有收
5063,嫋,05ACB,Big5-2,,B,,,V,,V,,,,,,2,,13,常用詞,嫋娜
6112,嫚,05ADA,Big5-2,,B,B,,V,,V,,,,344,,4,,10,,
5064,嫺,05AFA,Big5-2,,B,B,,,,V,,,,803,,2,,13,姓氏、人名,人名常用
5065,嬈,05B08,Big5-1,台,A,,,V,,V,,,,7,,4,,13,連綿詞,嬌嬈
5779,嬖,05B16,Big5-2,,,A,,V,,V,,,,2,,2,,11,古漢文,命名偶爾用
6113,嬗,05B17,Big5-2,,B,,,V,,V,,,,,,4,,10,,
5066,嬛,05B1B,Big5-2,,,,,V,V,V,,,,67,,,,13,姓氏、人名,甄嬛
6817,嬡,05B21,Big5-2,,C,,,V,,V,,,,39,,,,8,,令嬡
6818,嬬,05B2C,Big5-2,,A,,,,,V,,,,85,,1,,8,,
5461,嬲,05B32,Big5-2,,,B,,V,,V,,,,,,2,,12,偶爾會用,
5068,嬿,05B3F,Big5-2,,B,,,V,,V,,,,724,,,,13,姓氏、人名,嬿婉
5069,孃,05B43,Big5-1,,A,A,,V,,V,,,,10,,2,人,13,常用詞,舞孃
5780,孅,05B45,Big5-2,,,,,V,,V,,,,4,,2,,11,命名常用,
6820,孌,05B4C,Big5-2,,B,B,,V,,V,,,,1,,4,,8,,
5462,孖,05B56,Big5-2,,,B,,,,V,,,,,,3,,12,粵語,
5463,孛,05B5B,Big5-1,,A,A,,V,,V,,,,4,,2,,12,異體,勃
1032,孢,05B62,Big5-2,,B,B,,V,V,V,,,,,,,,14,不分類,14 都有收
5781,孥,05B65,Big5-2,,,,,V,,V,,,,,,2,,11,古漢文,
6114,孬,05B6C,Big5-2,,,,,V,,V,,,,,,,,10,,
5464,宓,05B93,Big5-2,,A,A,,V,,V,,,169,149,,3,,12,姓氏、人名,
5070,宕,05B95,Big5-2,台、客,A,A,,V,V,V,,,,1,20,1,人,13,常用詞,延宕
6466,寔,05BD4,Big5-2,,A,A,,V,,V,,,,,,2,,9,,
1095,寰,05BF0,Big5-1,,A,A,,V,V,V,,,1,553,,2,,14,不分類,14 都有收
5784,尢,05C22,Big5-1,,A,,,,,V,,,3,,,2,,11,,部首
1114,尪,05C2A,Big5-2,台,C,,,V,,V,,,,,,,,14,不分類,14 都有收
5466,尻,05C3B,Big5-2,台,,A,,V,,V,,,,1,5,1,常,12,常用詞,屁屁
6118,屄,05C44,Big5-2,台,,,,V,,V,,,,,,,,10,,
1130,屌,05C4C,Big5-2,客,B,,,V,,V,,,,,,,,14,不分類,14 都有收
6120,屘,05C58,Big5-1,台,A,,,V,,V,,,,,,,,10,,
5785,屙,05C59,Big5-2,客,,B,,V,,V,,,,,,,,11,偶爾會用,屙屎
6122,屣,05C63,Big5-2,,C,,,V,,V,,,,,,4,,10,,
5786,屨,05C68,Big5-1,,A,,,V,,V,,,,,,4,,11,古漢文,
6824,屭,05C6D,Big5-2,,C,,,V,,V,,,,,,,,8,,贔屭（駝石碑ㄉ烏龜神獸）
12044,岈,05C88,Big5-2,,,,,V,,V,,,,,,4,,2,,岈然窪然（始得西山宴游記）
5071,岬,05CAC,Big5-2,,A,A,,V,,V,,,,,597,1,常,13,常用詞,海岬
5787,岭,05CAD,Big5-2,,A,,,V,,,,,,10,,4,,11,異體,嶺
5072,峇,05CC7,Big5-2,台,B,B,,V,V,,,,,,183,2,,13,世界地名,峇里島（東南亞音譯常用）
6123,峋,05CCB,Big5-2,,B,,,V,,V,,,,20,,3,,10,,
1157,峒,05CD2,Big5-1,,A,,,V,,V,,,,2,,3,,14,不分類,14 都有收
1162,峯,05CEF,CJK,,A,A,,,,V,,25,1,813,1,1,人,14,不分類,14 都有收
5073,峴,05CF4,Big5-1,,A,A,,V,,V,,,,10,54,3,,13,世界地名,峴港（越南）
1173,崗,05D17,Big5-1,台、客,A,A,,V,V,V,,39,3,38,2,2,,14,不分類,14 都有收
6470,崚,05D1A,Big5-2,,B,B,,V,,V,,1,,12,,2,人,9,,
6829,崤,05D24,Big5-1,,A,,,V,,V,,,,,,4,,8,,
1177,崧,05D27,Big5-1,,A,A,,V,,V,,2,,452,,3,,14,不分類,14 都有收
1179,崴,05D34,Big5-1,,A,,,V,,V,,,,845,1,,,14,不分類,14 都有收
5075,崽,05D3D,Big5-2,客,,,,V,,V,,,,,,,,13,常用詞,兔崽子
5467,嵇,05D47,Big5-1,,A,,,V,,V,,,420,33,,3,,12,姓氏、人名,
5788,嵋,05D4B,Big5-2,,A,A,,V,,V,,,,34,,2,,11,中國地名,峨嵋山
6473,嵙,05D59,Big5-2,台,C,,,V,,,,1,,4,,,,9,,大嵙崁溪
6124,嵬,05D6C,Big5-2,客,,A,,V,V,V,,,1,,,2,,10,,"建議將「嵬」由本土包移至基本包。
「嵬」與「巍」部分意義相通(如巍峨/嵬峨)，作為地名之「馬嵬」更常見於史學、文學等領域。教育部國語辭典簡編本、小辭典亦皆有收錄。"
5076,嵯,05D6F,Big5-1,台,A,A,,V,,V,,,,,,1,人,13,世界地名,嵯峨（形容山勢高峻）；嵯峨野
5468,嶂,05D82,Big5-2,,,,,V,,V,,,,9,,2,,12,,重巒疊嶂
5789,嶔,05D94,Big5-1,,A,,,V,,V,,,,84,,4,,11,命名常用,
5790,嶙,05D99,Big5-2,,B,B,,V,,V,,,,35,,4,,11,命名常用,
5469,嶠,05DA0,Big5-2,台,A,A,,V,,V,,,,8,,3,,12,命名常用,公司行號多
5078,嶸,05DB8,Big5-1,客,A,A,,V,V,V,,,,237,,3,,13,常用詞,崢嶸
5470,巉,05DC9,Big5-1,,A,,,V,,V,,,,,,2,,12,,
5791,巿,05DFF,Big5-2,,C,,,V,,V,,6,,,,,,11,,通常是市字打錯
6831,帔,5.00E+14,Big5-2,台,B,,,V,,V,,,,,,3,,8,,
5792,帙,5.00E+19,Big5-2,台,,A,,V,,V,,,,3,,2,,11,古漢文,篇帙
5079,幃,5.00E+43,Big5-1,,A,,,V,,V,,,,199,,2,,13,姓氏、人名,人名、公司行號名常用
5471,幄,5.00E+44,Big5-2,,A,A,,V,,V,,,,1,,2,,12,常用詞,運籌帷幄
5080,幡,5.00E+61,Big5-1,台、客,A,A,,V,,V,,,,,5,1,人,13,常用詞,幡然悔悟
1249,庄,5.00E+84,Big5-2,台,A,A,,,V,V,34,181,82,30,8,1,人,14,不分類,14 都有收
6126,庹,05EB9,Big5-2,,B,,,V,,V,,,50,4,,4,,10,,
5081,廄,05EC4,Big5-1,,A,A,,V,,V,,,,,1,,,13,不分類,馬廄
5794,廍,05ECD,CJK,台,C,,,,,,,22,,,,,,11,,糖廍
6835,廡,05EE1,Big5-2,,C,,,V,,V,,,,,,2,,8,,傳統四合院的左邊與右邊
6477,廨,05EE8,Big5-2,,C,,,V,,V,,,,,,2,,9,,審計公廨
1285,廸,05EF8,CJK,,,,,,,V,,4,3,48,,2,,14,不分類,14 都有收
5473,廾,05EFE,Big5-1,,A,,,V,,V,,,3,,,2,,12,部首,
5083,弋,05F0B,Big5-1,,A,A,,V,,V,,,20,60,,2,,13,常用詞,巡弋
14260,弳,05F33,Big5-2,,,,,V,,,,,,,,,,1,,
5084,彊,05F4A,Big5-1,,A,A,,V,,V,,,,18,,1,,13,常用詞,仁愛吾彊condo
6480,彘,05F58,Big5-2,,B,,,V,,V,,,,,,3,,9,,
1315,彝,05F5D,Big5-1,,A,A,V,,,V,,,,71,,2,,14,不分類,14 都有收
5797,彣,05F63,CJK,,C,,,,,,,,,1351,,4,,11,姓氏、人名,
5474,彧,05F67,Big5-2,,A,A,,V,,V,,,,257,,3,,12,姓氏、人名,
1335,徉,05F89,Big5-1,,A,A,,V,V,V,,,,3,,3,,14,不分類,14 都有收
1345,徜,05F9C,Big5-1,,A,A,,V,V,V,,,,1,,3,,14,不分類,14 都有收
5085,徠,05FA0,Big5-1,,A,A,,V,,V,,,,,,2,人,13,常用詞,徠卡相機
6483,徭,05FAD,Big5-2,,,,,V,,V,,,,2,,2,,9,,
5798,徼,05FBC,Big5-2,台、客,,,,V,,V,,,,,,2,,11,古漢文,
1361,忐,05FD0,Big5-2,,B,B,,V,V,V,,,,,,,,14,不分類,14 都有收
1362,忑,05FD1,Big5-2,,B,B,,V,V,V,,,,,,,,14,不分類,14 都有收
5086,忒,05FD2,Big5-2,客,B,,,V,,V,,,,1,,4,,13,常用詞,忒修斯
1369,忡,05FE1,Big5-2,,B,B,,V,V,V,,,,,,3,,14,不分類,14 都有收
5475,忤,05FE4,Big5-2,台、客,B,,,V,,V,,,,,,2,,12,常用詞,忤逆
5087,忪,05FEA,Big5-1,,A,,,V,V,V,,,,,,,,13,常用詞,睡眼惺忪
7183,忮,05FEE,Big5-2,,C,,,V,,V,,,,,,4,,7,,不忮不求
5476,忸,05FF8,Big5-1,客,A,,,V,,V,,,,,,2,,12,常用詞,忸怩作態
5477,忻,05FFB,Big5-2,,A,A,,V,,V,,,374,584,,2,,12,常用詞,忻然
7184,怍,0600D,Big5-2,,,,,V,,V,,,,,,3,,7,,"建議基本包增收「怍」。
教育部辭典有「愧怍」「慚怍」等詞。中研院現代漢語語料庫詞頻統計「怍(VH)」（排序93826，詞頻1次），香港中文大學現代漢語常用字頻統計「怍」字於台灣前5000字內（8'90年代排序4364，字頻1次）。
就頻次而言，該字應可收於基本包。"
5799,怙,6019,Big5-2,台、客,B,,,V,,V,,,,,,2,,11,,
5478,怛,0601B,Big5-1,,A,,,V,,V,,,,,,2,,12,,
5088,怜,0601C,Big5-2,,A,A,,,,V,,,,233,,1,人,13,簡體,憐；怜悧寫伶俐多
5089,怦,6026,Big5-2,台,B,,,V,,V,,,,,,2,,13,常用詞,怦然心動
6484,怩,6029,Big5-1,,A,,,V,,V,,,,10,,2,,9,,
5800,怫,0602B,Big5-1,台,A,,,V,,V,,,,,,2,,11,,
5480,恁,6041,Big5-2,台、客,A,A,,V,,V,,,,11,,2,,12,台語,常用
5801,恂,6042,Big5-2,台,A,A,,V,,V,,,,74,,2,,11,,
1394,恒,6052,Big5-2,,A,A,,,,V,,13,7,829,,1,常,14,不分類,14 都有收
6131,悛,0609B,Big5-2,,A,A,,V,,V,,,,1,,2,,10,,
6487,悱,060B1,Big5-2,,C,,,V,V,V,,,,,,4,,9,,不悱不發、纏綿悱惻
1432,惇,060C7,Big5-1,客,A,A,,V,,V,,,,329,,1,人,14,不分類,14 都有收
5482,惊,060CA,Big5-2,,,,,,,,,,,,,,,12,簡體,驚
5091,愆,6106,Big5-1,客,A,A,,V,,V,,,,,,2,,13,常用詞,罪愆
5092,愍,0610D,Big5-1,台,A,A,,V,,V,,,,9,,2,,13,常用詞,恭愍王
5802,愫,0612B,Big5-2,,B,B,,V,,V,,,,16,,3,,11,常用詞,情愫
1464,愷,6137,Big5-1,,A,A,,V,,V,,,4,1768,,3,,14,不分類,14 都有收
5803,慓,6153,Big5-2,,A,A,,V,,V,,,,,,2,,11,常用詞,慓悍
5483,慳,6173,Big5-2,台,B,B,,V,,V,,,,1,,2,,12,粵語,
5093,慵,6175,Big5-1,,A,,,V,,V,,,,,,2,,13,常用詞,慵懶
5094,憋,0618B,Big5-2,,A,A,,V,,V,,,,,,,,13,常用詞,憋尿
5095,憨,061A8,Big5-2,客,A,A,,V,V,V,,,6,3,,4,,13,常用詞,憨厚
6491,憮,061AE,Big5-1,,A,A,,V,,V,,,,,,2,,9,,
5804,懃,061C3,Big5-2,,A,A,,V,,V,,,,31,,2,,11,,
1510,懋,061CB,Big5-1,,A,A,,V,,V,,,,573,,2,,14,不分類,14 都有收
5805,懌,061CC,Big5-2,,,,,V,,V,,,,75,,2,,11,命名常用,
5097,懟,061DF,Big5-2,,C,,,V,,V,,,,,,4,,13,常用詞,怨懟
6136,懨,6.10E+09,Big5-2,,C,,,V,,V,,,,,,,,10,,
6494,戇,6207,Big5-2,台、客,A,A,,V,,V,,,,,,,,9,,
6138,戽,0623D,Big5-2,台、客,B,,,V,,V,,,,,,,,10,,
1555,扑,6251,Big5-1,台,A,,,V,,V,,,,,,4,,14,不分類,14 都有收
7200,扞,0625E,Big5-2,台,C,,,V,,V,,,,1,,2,,7,,扞格不入
5484,扦,6266,Big5-2,台,A,,,V,,V,,,,,,,,12,,扦插
5806,扱,6271,Big5-2,台,,A,,V,,V,,,,,,1,常,11,日文,
5807,抔,6294,Big5-2,台、客,,,,V,,V,,,,,,2,,11,台語,
5098,担,062C5,CJK,,,,,,,V,,,,,,1,常,13,異體,"擔／建議將「担」移至基本包。若顧慮基本包字數之考量，則至少應收錄於本土包。
「担」作為「擔」之異體，台灣使用率不低。生活中常見如「担仔麵」「担担麵」「飯担」「麵担仔」等用例。教育部《臺灣閩南語常用詞辭典》也將「担」列為「擔」之異用字。
建議審視「臺灣閩南語推薦用字」及《臺灣閩南語常用詞辭典》所收錄之「異用字」，並據此增補本土包甚至基本包。部分異用字於民間習用已久，有其收錄之必要性。"
5485,拊,062CA,Big5-2,台,,,,V,,V,,,,,,2,,12,,
5486,拏,062CF,Big5-2,,A,A,,V,,V,,,,,,2,,12,異體,拿
5099,挂,6302,Big5-1,台,A,,,V,,V,,,,,,2,,13,異體,掛
6499,挲,6332,Big5-2,台、客,B,,,V,,V,,,,,,4,,9,,
5100,挹,6339,Big5-2,台,B,,,V,,V,,1,,33,,3,,13,常用詞,挹注
1638,捅,6345,Big5-2,台,A,A,,V,,V,,,,,,,,14,不分類,14 都有收
6500,捋,0634B,Big5-2,台、客,B,,,V,,V,,,,,,,,9,,
1641,捌,0634C,Big5-1,台,A,A,,V,V,V,,,,,,1,,14,不分類,14 都有收
1642,捍,0634D,Big5-1,客,A,A,,V,,V,,,,1,,2,,14,不分類,14 都有收
1651,据,0636E,Big5-2,,A,A,,V,V,V,,,,,,1,常,14,不分類,14 都有收
1656,捺,0637A,Big5-1,客,A,A,,V,V,V,,,,,,1,人,14,不分類,14 都有收
5808,捽,0637D,Big5-2,台、客,,B,,V,,V,,,,,,,,11,台語,
5101,掂,6382,Big5-2,台,A,A,,V,,V,,,,,,,,13,常用詞,惦斤兩
1665,掐,6390,Big5-2,,A,A,,V,V,V,,,,,,,,14,不分類,14 都有收
5487,掮,063AE,Big5-2,台,B,,,V,,V,,,,,,,,12,常用詞,掮客
7208,掯,063AF,Big5-2,,,,,V,,V,,,,,,,,7,,ㄎㄣˋ，網路用語
1681,掰,063B0,Big5-2,台、客,B,,,V,,V,,,,,,,,14,不分類,14 都有收
5488,揄,063C4,Big5-2,,A,A,,V,,V,,,,2,,2,,12,常用詞,揶揄
5809,揠,6.30E+01,Big5-2,,B,,,V,V,V,,,,,,4,,11,,揠苗助長
5489,揶,063F6,Big5-2,,A,A,,V,,V,,,,,,2,,12,常用詞,揶揄
1699,揹,063F9,Big5-1,台、客,A,,,V,,V,,,,,,,,14,不分類,14 都有收
5102,搆,6406,Big5-1,,A,,,V,V,V,,,,,,2,,13,常用詞,搆不著
5103,搐,6410,Big5-2,台、客,A,A,,V,,V,,,,,,3,,13,常用詞,抽搐
1708,搥,6425,Big5-2,,B,,,V,V,V,,,,,,4,,14,不分類,14 都有收
1709,搧,6427,Big5-2,台、客,C,,,V,V,V,,,,,,,,14,不分類,14 都有收
6152,搴,6434,Big5-1,,A,,,V,,V,,,,2,,2,,10,,
5490,搵,6435,Big5-2,台、客,B,B,,V,,V,,,,,,,,12,常用詞,粵語、台語蠻常用
1716,摀,6440,Big5-2,,C,,,V,V,V,,,,,,,,14,不分類,14 都有收
5105,摁,6441,Big5-2,台,B,,,V,,V,,,,,,,,13,網路,網路常用應聲詞
6153,摃,6443,Big5-2,台,B,,,V,,,,,,,,,,10,,
6510,摜,0645C,Big5-2,,C,,,V,,V,,,,,,,,9,,大盤摜破年線
6857,摭,0646D,Big5-1,,A,,,V,,V,,,,1,,3,,8,,
5106,摳,6473,Big5-2,台、客,C,,,V,V,V,,,,,,4,,13,常用詞,摳腳
5810,摶,6476,Big5-2,,C,,,V,,V,,,,,,2,,11,,
1728,摻,0647B,Big5-1,台、客,A,A,,V,V,V,,,,,,,,14,不分類,14 都有收
1729,撂,6482,Big5-2,客,A,,,V,,V,,,,,,,,14,不分類,14 都有收
5491,撙,6499,Big5-1,台、客,A,,,V,,V,,,,,,,,12,常用詞,撙節支出
5492,撢,064A2,Big5-1,,A,,,V,V,V,,,,,,,,12,常用詞,雞毛撢子
6155,撣,064A3,Big5-2,,,,,V,,V,,,,,1,,,10,,緬甸撣邦
6156,撳,064B3,Big5-1,客,A,,,V,,V,,,,1,,,,10,,
6157,撾,064BE,Big5-1,,A,A,,V,,V,,,,,,3,,10,,
6514,擀,064C0,CJK,,,,,,,V,,,,,,,,9,,擀麵
5107,擢,6.40E+03,Big5-1,台,A,A,,V,V,V,,,,1,,1,人,13,常用詞,擢髮難數
5811,擣,6.40E+04,Big5-2,,,,,V,V,V,,,,,,2,,11,,同搗
5108,擤,6.40E+05,Big5-2,台、客,B,,,V,V,V,,,,,,4,,13,常用詞,擤鼻涕
5813,擯,064EF,Big5-2,,,,,V,,V,,,,,,2,,11,,
1770,擷,064F7,Big5-1,,A,A,,V,,V,,,,5,,3,,14,不分類,14 都有收
6515,擼,064FC,Big5-2,,,,,,,,,,,,,,,9,,擼管 擼貓
6517,攖,6516,Big5-2,,C,,,V,,V,,,,1,,4,,9,,
1782,攢,6522,Big5-2,台,B,B,,V,,V,,,,3,,3,,14,不分類,14 都有收
6160,攥,6525,Big5-2,,B,,,,,V,,,,,,,,10,,
1790,攸,6538,Big5-1,,A,A,,V,V,V,,,13,159,,2,,14,不分類,14 都有收
6864,敉,6549,Big5-1,,A,,,V,,V,,,,2,,,,8,,
6518,敔,6554,Big5-1,,A,,,V,,V,,,,14,,4,,9,,
1799,敕,6555,Big5-1,,A,,,V,V,V,,,,,,2,,14,不分類,14 都有收
1818,斌,0658C,Big5-2,台,A,A,,V,,V,,1,,2528,,1,,14,不分類,14 都有收
1821,斕,6595,Big5-1,,A,A,,V,V,V,,,,2,,,,14,不分類,14 都有收
5109,斛,0659B,Big5-1,,A,A,,V,V,V,,,,,,2,,13,古漢文,五斗為一斛
8460,斲,065B2,Big5-2,,C,,,V,,V,,,,1,,4,,5,,"建議基本包增收「斲」。
「斲傷」一詞見於當代書面語，中研院現代漢語語料庫詞頻統計「斲傷(VC)」詞頻5次、「斲傷(Nv)」詞頻1次，另有「斲喪(VC)」詞頻1次。此外尚有「斲琴」通用於傳統音樂等領域。"
5815,旂,065C2,Big5-2,,C,,,V,,V,,,,94,,4,,11,命名常用,
6163,旒,065D2,Big5-2,,A,A,,V,,V,,,,1,,2,,10,,
1855,旻,065FB,Big5-2,,A,A,,V,,V,,,2,4892,,2,,14,不分類,14 都有收
6165,旼,065FC,Big5-2,,A,A,,V,,V,,,,73,,4,,10,,
6868,昃,6603,Big5-2,,,,,V,,V,,,,1,,2,,8,,千字文
1859,昇,6607,Big5-1,台、客,A,A,,V,V,V,,40,,4448,1,1,常,14,不分類,14 都有收
6519,昉,6609,Big5-2,,A,A,,V,,V,,,,73,,3,,9,,
5110,昊,0660A,Big5-1,台,A,A,,V,,V,,,,564,,2,人,13,姓氏、人名,垃圾昊欠噓
1865,昕,6615,Big5-1,,A,A,,V,,V,,,,2448,,3,,14,不分類,14 都有收
6521,昤,6624,Big5-1,,A,A,,,,,,,,1,,3,,9,,
1873,昱,6631,Big5-1,台、客,A,A,,V,V,V,,,,8510,,3,,14,不分類,14 都有收
5495,昴,6634,Big5-2,,,A,,V,,V,,,,3,,2,人,12,科學工程,星宿名
5496,昵,6635,Big5-2,,,,,V,,V,,,,31,,2,,12,異體,暱
1874,昶,6636,Big5-2,,A,A,,V,,V,,,1,1080,,2,,14,不分類,14 都有收
5111,晁,6641,Big5-1,台、客,A,A,,V,V,V,,,294,191,,2,,13,姓氏、人名,
5112,晞,0665E,Big5-1,,A,A,,V,,V,,,,103,,2,,13,常用詞,白露未晞
1883,晟,0665F,Big5-2,台、客,A,A,,V,,V,,,,1701,,2,人,14,不分類,14 都有收
6167,晢,6662,Big5-2,,B,B,,V,,V,,,,68,,2,,10,,
7219,晬,0666C,Big5-2,台,,,,V,,V,,,,,,4,,7,,周晬
5497,晷,6677,Big5-1,,A,A,,V,V,V,,,,,,3,,12,常用詞,日晷
1893,晾,0667E,Big5-1,台、客,A,A,,V,V,V,,,,,,,,14,不分類,14 都有收
1894,暄,6684,Big5-1,,A,A,,V,V,V,,,,735,,2,,14,不分類,14 都有收
6522,暌,0668C,Big5-2,,C,,,V,,V,,,,2,,,,9,,暌違 = 睽違
6169,暍,0668D,Big5-1,,A,,,V,,V,,,,,,3,,10,,
1898,暐,6690,Big5-2,,A,A,,V,,V,,,,1851,,4,,14,不分類,14 都有收
1902,暘,6698,Big5-1,,A,A,,V,,V,,,,511,,2,,14,不分類,14 都有收
5113,暝,0669D,Big5-1,台,A,A,,V,,V,,,,,,2,,13,不分類,幽暝，不等於瞑
1907,暱,066B1,Big5-1,台、客,A,A,,V,V,V,,,,1,,4,,14,不分類,14 都有收
5114,暸,066B8,Big5-1,,A,,,,,,,,,,,2,,13,不分類,常用的應該是嘹跟瞭，暸少用
5115,曄,066C4,Big5-1,,A,A,,V,,V,,,,851,,2,,13,姓氏、人名,
1911,曇,066C7,Big5-1,客,A,A,,V,,V,,,,37,20,1,常,14,不分類,14 都有收
1915,曜,066DC,Big5-1,台,A,A,,V,V,V,,,1,1321,,1,常,14,不分類,14 都有收
1919,曩,6.60E+10,Big5-1,,A,,,V,,V,,,2,,,2,,14,不分類,14 都有收
1920,曬,066EC,Big5-1,,A,A,,,,V,,,1,,1,4,,14,不分類,14 都有收
5116,机,0673A,Big5-2,,A,A,,V,,V,,,597,25,,1,常,13,異體,機 常用簡體、日語
1955,杆,6746,Big5-1,台、客,A,A,,V,V,V,,,,,10,2,,14,不分類,14 都有收
6523,杈,6748,Big5-2,客,B,,,V,,V,,,,,,3,,9,,
7221,杌,0674C,Big5-2,,,,,V,,V,,,,,,4,,7,,檮杌｜四凶
5117,杓,6753,Big5-1,台、客,A,A,,V,,V,,1,,2,,1,,13,常用詞,斗杓東指
5819,杙,6759,Big5-2,台,C,,,V,,V,,1,,6,,2,,11,,
5498,杠,6760,Big5-1,,A,A,,V,,V,,,,,,2,,12,古漢文,
5118,杪,0676A,Big5-1,,A,A,,V,,V,,,,1,,2,,13,異體,渺，也指東西的末端 如「樹杪」
5820,杲,6772,Big5-1,,A,A,,V,,V,,,33,4,,2,,11,,日文、中國地名
5499,杼,0677C,Big5-1,,A,,,V,V,V,,,,17,,2,,12,,不聞機杼聲，惟聞女嘆息
5821,极,6781,Big5-2,,,,,,,,,,,,,3,,11,簡體,北極
5500,枒,6792,Big5-2,,C,,,V,V,V,,,,,,4,,12,異體,椏
6174,枓,6793,Big5-1,,A,A,,V,,V,,,,,,3,,10,,
5501,枳,067B3,Big5-2,,A,A,,V,V,V,,,,2,,2,,12,偶爾會用,南橘北枳
7690,枵,067B5,Big5-2,台、客,,,,V,,V,,,,,,,,6,,枵腹從公
1986,枷,067B7,Big5-2,台、客,A,A,,V,V,V,,,,3,,2,,14,不分類,14 都有收
5824,柁,067C1,Big5-2,,,,,V,,V,,,,,,1,,11,偶爾會用,掌柁
5502,柊,067CA,Big5-2,,,,,,,,,,,9,,1,人,12,命名常用,公司行號多
1992,柒,067D2,Big5-1,客,A,A,,V,V,V,,,1,,,4,,14,不分類,14 都有收
5503,柘,067D8,Big5-2,,,,,V,,V,,,2,6,,1,人,12,動植物,桑柘；人名常見
5825,柙,067D9,Big5-1,台,A,,,V,,V,,,,,,4,,11,古漢文,
5826,柝,067DD,Big5-1,台,A,A,,V,,V,,,,,,2,,11,,
1997,柢,6.70E+03,Big5-1,,A,,,V,V,V,,,,,1,2,,14,不分類,14 都有收
5827,柺,067FA,Big5-2,,B,B,,,,,,,,,,,,11,異體,拐
5504,栖,6816,Big5-2,客,A,A,,V,,V,,,,,2,1,人,12,動植物,羊栖菜；或做棲異體
5505,栢,6822,CJK,,A,A,,,,V,,,475,181,,1,,12,姓氏、人名,
5119,桁,6841,Big5-1,客,A,A,,V,,V,,,,10,,1,常,13,常用詞,桁木、桁條
6874,桄,6844,Big5-2,,B,B,,V,,V,,,,12,10,4,,8,,
6527,桉,6849,Big5-2,,B,,,V,,V,,,,5,,4,,9,,
5120,桎,0684E,Big5-2,,A,A,,V,,V,,,,9,,2,,13,連綿詞,桎梏
5121,梏,0688F,Big5-2,,A,A,,V,,V,,,,,,2,,13,連綿詞,桎梏
5506,梘,6898,CJK,台,,B,,,,,,2,,,,4,,12,台灣地名,梘頭公園，景美的古名（梘尾）
5828,梠,068A0,Big5-2,,B,,,,,V,,,,,,2,,11,古漢文,
6875,梡,068A1,Big5-1,,A,A,,V,,V,,,,,,,,8,,
5829,棨,6.80E+09,Big5-2,,A,A,,V,,V,,,,185,,3,,11,命名常用,
5507,棱,068F1,Big5-2,,A,A,,V,,V,,,,35,,3,,12,姓氏、人名,
2065,棻,068FB,Big5-1,,A,,,V,,V,,,,713,,4,,14,不分類,14 都有收
5830,椋,0690B,Big5-2,,A,,,,,,,,,,,1,人,11,動植物,椋鳥
8504,椌,0690C,Big5-2,,,,,V,,V,,,,,,2,,5,,蘭嶼椌木
5122,椏,0690F,Big5-2,台、客,B,,,V,V,V,,,,11,,2,,13,常用詞,枝椏
5508,椪,0692A,Big5-2,台,C,,,V,,V,,,,,,2,,12,,椪柑
5509,椹,6939,Big5-2,台,B,,,V,,V,,,,,,2,,12,食物,
5831,椽,0693D,Big5-2,,A,A,,V,,V,,,,9,,2,,11,偶爾會用,屋椽
5123,椿,0693F,Big5-2,,A,A,,V,,V,,1,2,99,,1,人,13,常用詞,香椿
6181,楂,6942,Big5-2,客,B,B,,V,,V,,,,,,3,,10,,
5510,楝,0695D,Big5-1,台、客,A,,,V,,V,,1,,1,,2,,12,動植物,台南市新市區紫楝路
6184,楢,6962,Big5-2,,A,A,,V,,V,,,,3,1,1,人,10,,
5124,楣,6963,Big5-1,台、客,A,A,,V,V,V,,,,50,,3,,13,常用詞,光耀門楣
5125,楮,0696E,Big5-1,,A,A,,V,,V,,,26,,,2,,13,常用詞,植物名 桑科楮屬，落葉灌木；少數姓氏
5833,楸,6978,Big5-2,,A,A,,V,,V,,,,12,10,2,,11,動植物,
5834,榎,0698E,Big5-2,,A,,,V,,,,,9,2,,1,人,11,姓氏、人名,
6187,榧,069A7,Big5-2,,A,A,,V,,V,,,,,,2,,10,,
5126,槃,069C3,Big5-1,,A,A,,V,,V,,,,3,,2,,13,常用詞,涅槃
5837,槙,069D9,Big5-2,,A,,,,,,,,,15,,1,人,11,命名常用,
5838,槤,6.90E+05,Big5-2,台、客,B,B,,V,,V,,,,1,,,,11,動植物,榴槤
5511,槭,069ED,Big5-1,,A,,,V,,V,,,,,,2,,12,動植物,
5839,槲,069F2,Big5-2,,C,,,V,,V,,,,,,2,,11,動植物,
5840,槻,069FB,Big5-2,,,A,,,,V,,,,2,11,1,人,11,日文,
5512,槿,069FF,Big5-2,,A,A,,V,V,V,,,,101,,2,,12,常用詞,朴槿惠
2109,樑,06A11,Big5-1,台、客,A,A,,,,V,,,,256,,4,,14,不分類,14 都有收
7236,樨,06A28,Big5-2,,,,,V,,V,,,,2,,,,7,,
5513,橈,06A48,Big5-1,,A,A,,V,,V,,,,,,2,,12,,
6537,橾,06A7E,Big5-1,,A,,,V,,,,,,,,4,,9,,
5841,檎,06A8E,Big5-2,,A,A,,V,,V,,,,1,,1,人,11,日文,林檎
5127,檐,06A90,Big5-1,,A,A,,V,,V,,,,,,2,,13,異體,簷
5842,檗,06A97,Big5-1,,A,A,,V,,,,,,,,2,,11,中國地名,
6192,檠,06AA0,Big5-1,台、客,A,A,,V,,V,,,,20,,2,,10,,
5843,檣,06AA3,Big5-1,,A,A,,V,,V,,,,11,,2,,11,古漢文,
5844,檮,06AAE,Big5-1,,A,,,V,,V,,,,,1,2,,11,古漢文,
2136,檯,06AAF,Big5-1,台、客,A,A,,V,V,V,,,,,,,,14,不分類,14 都有收
5845,櫞,06ADE,Big5-2,台、客,,,,,,V,,,,1,,2,,11,動植物,
5514,櫟,06ADF,Big5-2,,B,,,V,,V,,,,5,,2,,12,動植物,
5846,櫨,06AE8,Big5-2,,,,,V,,V,,,,,,1,,11,動植物,
6194,櫪,06AEA,Big5-2,,C,,,V,,V,,,,9,,2,,10,,
7239,櫫,06AEB,Big5-2,,C,,,V,,V,,,,,,,,7,,揭櫫
5515,櫬,06AEC,Big5-1,,A,,,V,,,,,,,,4,,12,古漢文,
10507,櫱,06AF1,Big5-2,,,,,V,,V,,,,,,4,,3,,
5128,櫸,06AF8,Big5-2,,B,,,V,V,V,,,,13,,,,13,常用詞,山毛櫸
5129,櫺,06AFA,Big5-1,,A,,,V,,V,,,,3,,2,,13,常用詞,窗櫺
5516,欉,06B09,Big5-2,台、客,C,,,,,,,,403,28,,,,12,,
7240,欏,06B0F,Big5-2,,,,,,,,,,,,,4,,7,,桫欏、筆筒樹
2150,欒,06B12,Big5-2,,A,A,,V,,V,,,1302,55,,2,,14,不分類,14 都有收
5847,欷,06B37,Big5-2,,C,,,V,,V,,,,,,2,,11,,欷吁
2156,欸,06B38,Big5-2,台、客,C,,,V,V,V,,,1,,,2,,14,不分類,14 都有收
5848,歃,06B43,Big5-2,客,,,,V,,V,,,,,,2,,11,常用詞,歃血為盟
5130,歆,06B46,Big5-2,台,A,A,,V,,V,,,,797,,3,,13,姓氏、人名,陳霈歆
2163,歎,06B4E,Big5-1,台,A,A,,V,V,V,,,,2,,1,人,14,不分類,14 都有收
5849,歛,06B5B,Big5-2,,B,B,,V,,V,,,,,,2,,11,,
6886,殂,06B82,Big5-2,,B,,,V,,V,,,,,,3,,8,,
5850,殄,06B84,Big5-2,,A,A,,V,,V,,,,,,2,,11,常用詞,暴殄天物
6538,殍,06B8D,Big5-2,,,,,V,,V,,,,,,2,,9,,野有餓殍
7246,殛,06B9B,Big5-2,,C,,,V,,V,,,,,,4,,7,,電殛
5851,殞,06B9E,Big5-2,,A,A,,V,,V,,,,,,2,,11,常用詞,殞落
5852,殫,06BAB,Big5-2,,C,,,V,V,V,,,,,,2,,11,常用詞,殫思竭慮
5131,殭,06BAD,Big5-2,台,B,B,,V,,V,,,,,,3,,13,常用詞,殭屍
5853,毘,06BD8,Big5-2,,,A,,V,,V,,,,1,,1,人,11,,佛教
5517,毬,06BEC,Big5-1,台,A,A,,V,V,V,,,,,,2,人,12,常用詞,擊毬
7248,氂,06C02,Big5-2,,,,,V,,V,,,,,,4,,7,,氂牛、犛牛
5854,氅,06C05,Big5-1,台,A,,,V,,V,,,,,,3,,11,偶爾會用,氅衣
5132,氈,06C08,Big5-1,台、客,A,A,,V,V,V,,,,,,2,,13,常用詞,羊毛氈
5133,气,06C14,Big5-2,,,,,V,,V,,,,,,2,,13,部首,
8549,氕,06C15,Big5-2,,,,,V,,V,,,,,,,,5,,氕氘氚
6541,氘,06C18,Big5-2,,,,,V,,V,,,,,,,,9,,
5855,氙,06C19,Big5-2,,B,,,V,,V,,,,,,,,11,,元素
6197,氚,06C1A,Big5-2,,,,,V,,V,,,,,,,,10,,
6542,氡,06C21,Big5-2,,,,,,,V,,,,,,,,9,,
5134,氪,06C2A,Big5-2,,B,B,,V,,V,,,,,,,,13,網路,氪金玩家
5856,氬,06C2C,Big5-1,,A,,,V,,V,,,,,,,,11,,
5518,氰,06C30,Big5-2,,A,A,,V,,V,,,,,,,,12,科學工程,劇毒氰化鉀
5857,汆,06C46,Big5-2,客,B,,,V,,V,,,,,,,,11,常用詞,汆燙
5135,汎,06C4E,Big5-1,,A,A,,V,,V,,1,,435,6,1,常,13,常用詞,汎德永業
5858,汛,06C5B,Big5-1,,A,A,,V,,V,,,,21,,4,,11,常用詞,汛期
2240,污,06C61,Big5-1,台、客,A,A,,V,V,,,,,,,,,14,不分類,14 都有收
2241,汨,06C68,Big5-1,客,A,A,V,,,,,,1,7,,2,,14,不分類,14 都有收
5136,汴,06C74,Big5-1,台、客,A,,,V,V,V,,7,3,2,1,3,,13,中國地名,黃河支流
2245,汶,06C76,Big5-1,客,A,A,,V,,V,,2,1,1691,91,3,,14,不分類,14 都有收
2250,沂,06C82,Big5-1,,A,A,,V,,V,,1,,678,,2,,14,不分類,14 都有收
5519,沆,06C86,Big5-1,,A,A,,V,,V,,,,5,,3,,12,常用詞,沆瀣一氣
6199,沍,06C8D,Big5-1,,A,,,V,,V,,,,1,,2,,10,,
5137,沏,06C8F,Big5-2,,A,,,V,V,V,,,,,,,,13,常用詞,沏茶
5520,沓,06C93,Big5-2,台,A,A,,V,V,V,,,4,1,,1,人,12,台語,
6200,沔,06C94,Big5-1,,A,A,,V,,V,,,,1,1,4,,10,,
5138,沬,06CAC,Big5-1,台,A,,,V,,V,,,,,,,,13,史地用字,水名
6888,泖,06CD6,Big5-1,,A,,,V,,V,,,,1,,4,,8,,
5860,泠,06CE0,Big5-1,,A,,,V,,V,,,,90,,3,,11,,
6543,泫,06CEB,Big5-2,,,A,,V,,V,,,,18,,3,,9,,泫雅
5521,泮,06CEE,Big5-2,,A,A,,V,,V,,1,,2,,3,,12,命名常用,人名店名太常用
2287,泯,06CEF,Big5-1,客,A,A,,V,,V,,,,127,,2,,14,不分類,14 都有收
2291,泵,06CF5,Big5-1,台、客,A,A,,V,,V,,,,,,,,14,不分類,14 都有收
5861,洁,06D01,Big5-2,,,,,,,,,,,9,,,,11,簡體,潔
5139,洄,06D04,Big5-2,台,B,,,V,V,V,,,,1,,3,,13,常用詞,洄瀾
6544,洎,06D0E,Big5-1,客,A,,,V,,V,,,,2,,3,,9,,
5522,洒,06D12,Big5-2,台,A,,,V,,V,,,6,2,,2,,12,異體,灑
6205,洙,06D19,Big5-2,,A,A,,V,,V,,,,11,,2,,10,,
5140,洨,06D28,Big5-2,,B,,,V,,V,,,,1,,,,13,網路,豪洨
2298,洩,06D29,Big5-1,台、客,A,A,,V,V,V,,,,,,1,,14,不分類,14 都有收
5862,洫,06D2B,Big5-1,,A,,,V,,V,,,,,,2,,11,古漢文,
6545,洮,06D2E,Big5-1,,A,,,V,,V,,,,3,1,3,,9,,
5863,洳,06D33,Big5-2,,,,,V,,V,,,,148,,2,,11,姓氏、人名,鄭孟洳
2302,洵,06D35,Big5-1,,A,A,,V,,V,,,,298,,2,人,14,不分類,14 都有收
5141,洸,06D38,Big5-1,,A,A,,V,,V,,,,94,,2,人,13,姓氏、人名,核能教授葉宗洸
5142,浣,06D63,Big5-2,,A,A,,V,V,V,,,11,31,,2,,13,常用詞,浣熊
5864,浥,06D65,Big5-1,,A,A,,V,,V,,,,58,,3,,11,命名常用,
5865,浯,06D6F,Big5-2,,C,,,V,,V,,4,,2,,,,11,台灣地名,浯江
5143,浹,06D79,Big5-1,客,A,A,,V,V,V,,,,,,2,,13,常用詞,汗流浹背
2318,涂,06D82,Big5-2,台,A,A,,V,V,V,,,27498,1682,,3,,14,不分類,14 都有收
2319,涅,06D85,Big5-1,,A,A,,V,,V,,,,,459,2,,14,不分類,14 都有收
5144,涌,06D8C,Big5-1,,A,A,,V,,V,,,,3,,1,,13,異體,同湧，常用於香港地名，如東涌
5523,涔,06D94,Big5-1,客,A,,,V,V,V,,,,7,,3,,12,姓氏、人名,汗涔涔
5524,涿,06DBF,Big5-1,客,A,A,,V,,V,,,,,,3,,12,命名常用,涿鹿之戰
5525,淀,06DC0,Big5-2,,A,A,,V,,,,,,5,4,1,人,12,世界地名,
5866,淖,06DD6,Big5-2,,A,,,V,,V,,,,,,3,,11,古漢文,
10556,淝,06DDD,Big5-2,,,,,V,,V,,,,,,3,,3,,淝水之戰
5146,淦,06DE6,Big5-1,,A,A,,V,,V,,,31,88,,2,,13,姓氏、人名,嚴家淦
5526,淩,06DE9,Big5-2,,C,,,V,,V,,2,35,232,1,4,,12,異體,凌
5147,淬,06DEC,Big5-1,客,A,,,V,V,V,,,,2,,2,,13,常用詞,淬鍊
2356,淼,06DFC,Big5-2,,B,B,,V,,V,,,,95,,3,,14,不分類,14 都有收
6549,渟,06E1F,Big5-2,客,A,A,,V,,V,,,,161,,2,,9,,
2368,温,6.00E+29,CJK,,,,,,,V,,10,42016,57,,1,常,14,不分類,14 都有收
6207,渼,06E3C,Big5-2,,A,A,,V,,V,,,,55,,4,,10,,
2378,湄,6.00E+44,Big5-1,客,A,A,,V,,V,,,1,194,42,3,,14,不分類,14 都有收
5867,湎,06E4E,Big5-1,,A,,,V,,V,,,,,,2,,11,偶爾會用,沉湎
6893,湟,06E5F,Big5-1,,A,A,,V,,V,,,,31,,2,,8,,
5868,湣,6.00E+63,Big5-1,,A,,,V,,V,,,,10,,4,,11,史地用字,齊湣王
6208,湲,6.00E+72,Big5-1,,A,A,,V,V,V,,,,37,,2,,10,,
2387,湳,6.00E+73,Big5-2,台,A,A,,V,,,,37,,11,1,,,14,不分類,14 都有收
5869,溏,06E8F,Big5-2,,C,,,V,,V,,,,6,,2,,11,常用詞,
8577,溚,06E9A,CJK,客,,,,,,V,,,,,,,,5,,
5870,溟,06E9F,Big5-2,,A,A,,V,,V,,,,1,10,2,,11,台灣地名,鯤溟里
6210,溱,06EB1,Big5-2,,A,A,,V,,V,,,,183,,3,,10,,
5527,溴,06EB4,Big5-1,,A,,,V,,V,,,,,,4,,12,科學工程,溴瑞香草藍；現在國小自然還在用嗎？ 我國中時有用過ＸＤＤ
5871,滉,06EC9,Big5-2,客,A,A,,V,,V,,,,8,,2,人,11,日文,日本人名
5872,滎,06ECE,Big5-2,,A,A,,V,,V,,,,24,,3,,11,命名常用,
5149,滕,06ED5,Big5-1,,A,A,,V,,V,,,1938,137,55,2,,13,姓氏、人名,
2415,滷,06EF7,Big5-1,台、客,A,A,,V,V,V,,,,,,2,,14,不分類,14 都有收
2416,滸,06EF8,Big5-2,台,A,A,,V,V,V,,,,10,,2,,14,不分類,14 都有收
5150,漉,06F09,Big5-2,台,A,,,V,V,V,,,,,,1,,13,常用詞,濕漉漉
5873,漚,06F1A,Big5-2,台、客,C,,,V,,V,,,,1,,3,,11,常用詞,
5151,潁,06F41,Big5-2,,A,A,,V,V,V,,,,208,,2,,13,中國地名,潁河
5152,潟,06F5F,Big5-1,,A,A,,V,,V,,,,,78,1,常,13,地理社會,潟湖
2444,潢,06F62,Big5-2,台、客,A,A,,V,V,V,,,,17,,3,,14,不分類,14 都有收
5529,潯,06F6F,Big5-1,,A,A,,V,,V,,,,1,,2,,12,古漢文,潯陽江頭夜送客
9492,潲,06F72,Big5-2,台,,,,V,,V,,,,1,,,,4,,插潲 啥潲 食潲
6551,澂,06F82,Big5-2,,B,,,V,,V,,,,99,,2,,9,,
6212,澇,06F87,Big5-2,,B,B,,V,,V,,,,,,,,10,,防旱防澇、旱澇不均
6552,澍,06F8D,Big5-2,台,A,A,,V,,V,,,,154,,3,,9,,
5874,澔,06F94,Big5-2,,A,A,,V,,V,,,,409,,3,,11,姓氏、人名,
6554,澦,06FA6,Big5-1,,A,,,V,,V,,,,1,,,,9,,
5875,澪,06FAA,Big5-2,,,,,,,,,,,1,,2,人,11,日文,
7262,澶,06FB6,Big5-1,,A,,,V,,V,,,,,,3,,7,,澶淵之盟
2469,濕,06FD5,Big5-1,客,A,A,,V,V,V,,1,,,2,2,人,14,不分類,14 都有收
5153,濮,06FEE,Big5-1,,A,,,V,,V,,,322,34,,2,,13,中國地名,山東省濮縣
2479,濰,06FF0,Big5-1,,A,A,,V,,V,,,,95,,3,,14,不分類,14 都有收
6214,瀅,7005,Big5-2,,A,A,,V,,V,,,,1047,,3,,10,姓氏、人名,
5154,瀘,7018,Big5-1,台,A,A,,V,,V,,,,,,2,,13,中國地名,瀘水
6215,瀞,0701E,CJK,,A,A,,,,,,,,1029,10,1,,10,姓氏、人名,
5530,瀣,7023,Big5-2,,A,A,,V,,V,,,,,,4,,12,,沆瀣一氣
5155,瀧,7027,Big5-2,台,A,A,,V,,V,,8,,67,3,1,人,13,姓氏、人名,有一大卡車叫瀧的店
5156,瀲,7032,Big5-1,,A,,,V,,V,,,,2,,2,,13,古漢文,水光瀲灩晴方好
2499,灝,0705D,Big5-2,,A,A,,V,,V,,,,225,,3,,14,不分類,14 都有收
5876,灞,0705E,Big5-1,,A,,,V,,V,,,,,,3,,11,命名常用,
5877,灩,7069,Big5-2,,C,,,V,,V,,1,,1,,4,,11,,
6559,炅,7085,Big5-2,,A,A,,V,,V,,,,36,,3,,9,,
5532,炆,7086,Big5-2,客,B,B,,,,,,,,6,,4,,12,,一種烹調法 也有公司命名用
6219,炔,7094,Big5-2,,A,,,V,,V,,,,,,,,10,,
5157,炤,070A4,Big5-1,台,A,A,,V,,V,,,,104,,3,,13,姓氏、人名,王炤霖
6220,炷,070B7,Big5-2,,A,A,,V,,V,,,,3,,3,,10,,
6900,烔,070D4,Big5-2,,B,,,,,,,,,5,,3,,8,,
5158,烟,070DF,CJK,,A,A,,,,V,,,,13,,2,,13,異體,煙
2526,烯,070EF,Big5-1,,A,A,,V,V,V,,,,,,,,14,不分類,14 都有收
6222,烴,070F4,Big5-2,,C,,,V,,V,,,,,,,,10,,烴ㄊㄧㄥ類
5159,烷,070F7,Big5-2,,A,A,,V,V,V,,,,,,,,13,常用詞,甲烷
15135,焓,7113,Big5-2,,,,,,,,,,,1,,,,1,,
5160,焗,7117,Big5-2,台、客,B,B,,V,,V,,,,,,,,13,常用詞,焗烤
2533,焜,0711C,Big5-1,客,A,A,,V,,V,,,,226,,2,,14,不分類,14 都有收
5880,焠,7120,Big5-2,台,C,,,V,,V,,,,1,,3,,11,,有時拿來取代淬，還有日文會用
5533,焢,7122,Big5-2,,C,,,,,,,,,,,,,12,異體,炕肉飯的民間寫法
6901,焯,0712F,Big5-2,,B,B,,V,,V,,,,22,,4,,8,,
6223,焱,7131,Big5-2,台,B,,,V,,V,,,,42,,4,,10,,
5881,焿,0713F,CJK,客,C,,,,,V,,1,,,,,,11,,羹的常見民間用字
5882,煆,7146,Big5-1,,A,,,V,,V,,,,,,3,,11,科學工程,煆燒
5161,煇,7147,Big5-2,,A,A,,V,,V,,,,108,,3,,13,姓氏、人名,
5534,煊,0714A,CJK,,A,A,,,,,,,,128,,4,,12,姓氏、人名,王建煊
5162,煒,7152,Big5-2,,B,B,,V,V,V,,,,1817,,3,,13,姓氏、人名,
5163,煖,7156,Big5-1,,A,A,,V,,V,,,,51,,2,,13,異體,暖
5164,煨,7168,Big5-1,台、客,A,A,,V,,V,,,,,,3,,13,食物,煨麵
2551,煲,7172,Big5-2,客,B,B,,V,V,V,,,,,,,,14,不分類,14 都有收
6225,煸,7178,Big5-2,,B,,,,,,,,,,,,,10,,
5535,熏,0718F,Big5-2,台,A,A,,V,,V,,,,160,,2,,12,,
5165,熒,7192,Big5-1,,A,A,,V,,V,,,,279,,3,,13,不分類,古文多，現在多做螢的偽繁體？
6226,熗,7197,Big5-2,台,C,,,,,V,,,,,,,,10,,
6227,熠,071A0,Big5-2,,B,B,,V,,V,,,,74,,4,,10,,
6228,熵,071B5,Big5-2,,,,,,,,,,,1,,,,10,,
6229,燁,071C1,Big5-2,客,A,A,,V,,V,,,,649,,3,,10,姓氏、人名,
6231,燔,071D4,Big5-2,,,A,,V,,V,,,,2,,2,,10,,
5166,燠,7.10E+01,Big5-1,,A,A,,V,V,V,,,,,,2,,13,常用詞,溫燠
2582,燼,071FC,Big5-1,,A,A,,V,,V,,,,,,2,,14,不分類,14 都有收
2583,燾,071FE,Big5-1,,A,A,,V,,V,,,,16,,3,,14,不分類,14 都有收
5536,燿,071FF,Big5-2,,A,A,,V,,V,,,,212,,2,人,12,命名常用,
6232,爌,0720C,Big5-2,客,C,,,V,,,,,,,,,,10,,
5167,爲,7232,CJK,,,A,,,,,,,,,,2,人,13,異體,"建議將「爲」「僞」由日文包移至基本包。
漢字文化圈中，僅韓國〈漢文教育用基礎漢字〉將「爲」列為教用字。中國大陸已簡化作「为」，「爲」屬繁體字；香港〈常用字字形表〉收「為」，註「亦作爲」；台灣「常用國字標準字體表」收「為」，「爲」列為異體字；日本〈常用漢字表〉收新字體「為」，舊字體「爲」收於〈人名用漢字表〉。將「爲」作為偏旁之「僞」字亦同。
在使用傳統漢字之華人地區，「爲/僞」仍常見於印刷、手寫，或取名採用之字形。收於日文包可能基於〈人名用漢字表〉，但實際上華語人士才是「爲/僞」之大量使用者，因此應移至基本包為妥。"
6233,爿,0723F,Big5-2,台,B,,,,,V,,,,,,2,,10,,
5168,牀,7240,CJK,,,A,,,,V,,,,,,2,,13,異體,建議基本包增收「牀」。該字為「床」本字，使用傳統漢字之地區仍常見於公共場合與出版物等，又〈香港小學學習字詞表〉收「牀」為教學標準，故「牀」字應可收錄。
5537,犇,7287,CJK,,C,,,,,V,,,,,,2,,12,異體,犇牛堡；奔的異體
8594,犰,072B0,Big5-2,,C,,,V,,V,,,,,,4,,5,,犰狳
5884,犽,072BD,Big5-2,,,,,V,,V,,,,,,,,11,,犽宿
5538,狒,072D2,Big5-2,,B,B,,V,,V,,,,,,2,,12,常用詞,狒狒
10634,狳,072F3,Big5-2,,,,,V,,V,,,,,,4,,3,,犰狳
6907,狻,072FB,Big5-2,,,,,V,,V,,,,,,3,,8,,狻猊
8598,猁,7301,Big5-2,,,,,,,V,,,,,,,,5,,猞猁
5539,猊,0730A,Big5-2,台,,A,,V,,V,,,,,,2,,12,古漢文,狻猊
2651,猝,0731D,Big5-2,,A,A,,V,,V,,,,,,2,,14,不分類,14 都有收
8599,猞,0731E,Big5-2,,,,,,,V,,,,,,,,5,,猞猁
8601,猢,7322,Big5-2,,B,,,V,,V,,,,,,,,5,,樹倒猢猻散
7271,猻,0733B,Big5-2,,C,,,V,,V,,,,,,,,7,,樹倒猢猻散
5885,獒,7352,Big5-2,客,A,A,,V,,V,,,,,,4,,11,,獒犬
5543,獠,7360,Big5-2,台,B,,,V,,V,,,,,,,,12,常用詞,獠牙
6236,獪,0736A,Big5-2,,,A,,V,,V,,,,,,2,,10,,
6909,獴,7374,CJK,,C,,,,,,,,,,,,,8,,狐獴
5169,獼,0737C,Big5-2,,B,B,,V,V,V,,,,,,3,,13,動植物,🐒
5170,獾,0737E,Big5-2,,B,,,V,,V,,,,,,,,13,動植物,🦡
5544,玆,7386,Big5-1,,A,A,,V,,,,,,2,20,,,12,異體,茲
5172,玠,073A0,Big5-2,,B,,,V,,V,,,,642,,3,,13,姓氏、人名,
5173,玥,073A5,Big5-1,,A,A,,,,V,,,,437,,4,,13,姓氏、人名,
6910,玦,073A6,Big5-2,,,,,V,,V,,,,11,,3,,8,,玉玦
5174,珂,073C2,Big5-2,,A,A,,V,,V,,,,89,2,1,人,13,姓氏、人名,
6237,珅,073C5,Big5-2,,B,,,V,,,,,,27,,4,,10,,
2686,珈,073C8,Big5-2,,B,B,,V,,V,,,,1223,,2,人,14,不分類,14 都有收
5175,珉,073C9,CJK,,A,A,,,,V,,,,674,,3,,13,姓氏、人名,
5176,珞,073DE,Big5-1,台、客,A,A,,V,,V,,,3,85,1,2,,13,姓氏、人名,
5886,珣,7.30E+04,Big5-2,,A,A,,V,,V,,,,348,,3,,11,姓氏、人名,
5887,珥,7.30E+06,Big5-2,,A,A,,V,,V,,,,2,,2,,11,命名常用,珠寶業命名愛用
5888,珩,7.30E+10,Big5-2,,A,A,,V,,V,,2,,324,,3,,11,,
5177,珪,073EA,Big5-1,,A,A,,V,,V,,,,18,,1,,13,常用詞,珪藻土
5545,珺,073FA,Big5-2,,B,,,,,,,,,800,,4,,12,姓氏、人名,珺珺
6565,珽,073FD,Big5-2,,A,A,,V,,V,,,,165,,,,9,,
5178,琇,7407,Big5-2,,A,A,,V,V,V,,,,2438,,3,,13,姓氏、人名,
6566,琚,0741A,Big5-2,,B,,,V,,V,,,,11,,3,,9,,
5179,琛,0741B,Big5-1,,A,A,,V,,V,,,,269,8,3,,13,姓氏、人名,
2701,琦,7426,Big5-1,台,A,A,,V,V,V,,,,3816,,3,,14,不分類,14 都有收
5180,琨,7428,Big5-1,,A,A,,V,,V,,,1,345,,3,,13,姓氏、人名,
2703,琬,0742C,Big5-2,,A,A,,V,,V,,,,3399,,3,,14,不分類,14 都有收
5181,琮,0742E,Big5-2,,A,A,,V,,V,,,,1297,,3,,13,姓氏、人名,
6567,琯,0742F,Big5-1,,A,A,,V,,V,,1,,10,,3,,9,,
6568,琰,7430,Big5-2,,A,A,,V,,V,,,,38,,3,,9,,
5182,琲,7432,Big5-2,,B,,,,,V,,,,32,,2,,13,姓氏、人名,明琲
5547,瑀,7440,Big5-2,,A,A,,V,,V,,,,1236,,4,,12,姓氏、人名,
2710,瑄,7444,Big5-2,,A,A,,V,,V,,,,4974,,3,,14,不分類,14 都有收
2711,瑋,0744B,Big5-2,台,A,A,,V,V,V,,,,18548,,3,,14,不分類,14 都有收
6913,瑗,7457,Big5-2,,A,A,,V,,V,,,,163,,3,,8,,
6569,瑠,7460,CJK,,A,A,,,,,,,,,,1,常,9,,瑠公圳
5183,瑢,7462,Big5-2,,A,A,,V,,V,,,,211,,3,,13,姓氏、人名,
5889,瑭,0746D,Big5-1,,A,,,,,,,,,76,,3,,11,命名常用,
6570,瑱,7471,Big5-2,,B,B,,V,,V,,,,249,,4,,9,,
6241,瑳,7473,Big5-2,,A,A,,V,,V,,,,1,10,1,人,10,世界地名,
2725,瑾,0747E,Big5-1,,A,A,,V,V,V,,,,2185,,2,,14,不分類,14 都有收
2726,璀,7480,Big5-1,,A,A,,V,V,V,,,,4,,,,14,不分類,14 都有收
7276,璁,7481,Big5-2,,B,,,V,,V,,,,504,,4,,7,姓氏、人名,
2728,璇,7487,Big5-2,台,A,A,,V,,V,,,,5461,,3,,14,不分類,14 都有收
5548,璉,7489,Big5-2,,A,A,,V,,V,,5,,255,,3,,12,命名常用,
2730,璐,7490,Big5-2,,B,B,,V,,V,,,4,176,,3,,14,不分類,14 都有收
5890,璘,7498,Big5-1,,A,A,,V,,V,,,,332,,3,,11,姓氏、人名,
2732,璞,0749E,Big5-1,台,A,A,,V,V,V,,,1,251,,2,,14,不分類,14 都有收
2733,璟,0749F,Big5-1,,A,A,,V,,V,,,,1387,,3,,14,不分類,14 都有收
2737,璨,074A8,Big5-1,,A,A,,V,V,V,,,,204,,3,,14,不分類,14 都有收
5184,璿,074BF,Big5-1,台,A,A,,V,,V,,,,972,,3,,13,姓氏、人名,
5185,瓔,074D4,Big5-1,,A,A,,V,,V,,,,81,,2,,13,姓氏、人名,楊瓊瓔
6915,瓖,074D6,Big5-1,,A,,,V,,V,,,,2,,4,,8,,
6242,瓚,074DA,Big5-1,,A,A,,V,,V,,,,23,,3,,10,,
6571,瓞,074DE,Big5-2,,C,,,V,,V,,,,,,4,,9,,瓜瓞綿綿
5186,瓤,7.40E+05,Big5-1,台、客,A,,,V,,V,,,,,,,,13,食物,西瓜瓤
5891,瓮,074EE,Big5-2,,,A,,V,,V,,,,,1,2,,11,,甕
5549,甍,0750D,Big5-1,台,A,,,V,,V,,,,1,,2,,12,日文,
2765,甯,0752F,Big5-2,,B,,,V,,V,,,990,784,,3,,14,不分類,14 都有收
2772,町,0753A,Big5-2,台,A,A,,V,V,V,,,,27,13,1,常,14,不分類,14 都有收
5892,甾,0753E,Big5-2,,C,,,V,,V,,,,,,4,,11,偶爾會用,固醇又被稱為「甾醇」
5893,畀,7540,Big5-2,客,,B,,V,,V,,,,5,,4,,11,粵語,
5894,畋,0754B,Big5-1,,A,,,V,,V,,,,4,,2,,11,命名常用,
6573,畎,0754E,Big5-1,,A,,,V,,V,,,,,,4,,9,,
6245,畑,7551,CJK,,A,A,,,,,,1,,,2,1,常,10,日文,常見人名與地名
5895,畯,0756F,Big5-2,,,A,,V,,V,,,,84,,3,,11,,
5188,畿,0757F,Big5-1,,A,A,,V,,V,,,,16,1,1,常,13,常用詞,京畿
5552,疔,7594,Big5-2,台,,,,V,,V,,,,,,2,,12,偶爾會用,疔瘡
5189,疣,075A3,Big5-1,,A,,,V,V,V,,,,,,2,,13,常用詞,臉上長疣
5896,疱,075B1,CJK,台,,A,,,,V,,,,,,2,,11,,疱疹
2803,疸,075B8,Big5-1,台、客,A,A,,V,,V,,,,,,2,,14,不分類,14 都有收
8622,痀,075C0,Big5-2,台、客,C,,,V,,V,,,,,,4,,5,,痀僂 · ㄐㄩ ㄌㄡ
5190,痂,075C2,Big5-1,客,A,A,,V,,V,,,,,,2,,13,常用詞,結痂
2811,痍,075CD,Big5-1,,A,A,,V,,V,,,,,,2,,14,不分類,14 都有收
5553,痒,075D2,Big5-2,,,A,,V,,V,,,,,,2,,12,偶爾會用,今日多作癢的簡體、瘍的異體
5191,痠,7.50E+01,Big5-1,台、客,A,A,,V,V,V,,,,,,4,,13,常用詞,痠痛
6575,痤,7.50E+05,Big5-2,,B,,,V,,V,,,,,,3,,9,,
6247,痧,7.50E+08,Big5-2,台、客,B,,,V,,V,,,,,,4,,10,,
5554,痳,075F3,Big5-1,,A,A,,V,,V,,,,,,2,,12,異體,淋病。此字與痲不同，但大概常被誤用
5555,痹,075F9,Big5-2,台,A,A,,V,,V,,,,,,4,,12,異體,痺
5898,痼,075FC,Big5-2,,A,A,,V,,V,,,,,,2,,11,,痼疾
5192,痾,075FE,Big5-2,,C,,,V,,V,,,,,,2,,13,狀聲詞,
5899,瘖,7616,Big5-2,,C,,,V,V,V,,,,,,3,,11,,瘖啞人士
6248,瘜,0761C,Big5-2,,C,,,V,,,,,,,,4,,10,,
10688,瘝,0761D,Big5-2,,,,,V,,V,,,,,,,,3,,恫瘝在抱
5556,瘢,7622,Big5-1,,A,A,,V,,V,,,,,,2,,12,常用詞,瘢痕
6249,瘺,0763A,Big5-1,,A,,,V,,V,,,,,,,,10,,
6578,瘻,0763B,CJK,客,,A,,,,V,,,,,,2,,9,,瘻管手術
5557,癇,7647,Big5-2,,B,B,,V,,V,,,,,,2,,12,常用詞,癲癇
5558,癈,7648,Big5-2,,,,,V,,V,,,,,,2,,12,異體,廢
2847,癟,0765F,Big5-1,,A,,,V,V,V,,,,,,,,14,不分類,14 都有收
2848,癡,7661,Big5-1,台,A,A,,,,V,,,,,,2,,14,不分類,14 都有收
5559,癤,7664,Big5-2,,A,A,,V,V,V,,,,,,3,,12,科學工程,節癤
9566,癭,0766D,Big5-2,,,,,V,,V,,,,,,3,,4,,蟲癭
5193,癰,7670,Big5-2,台,A,A,,V,,V,,,,,,2,,13,常用詞,癰疽
5194,皋,0768B,Big5-1,,A,,,V,,V,,,10,12,,2,,13,姓氏、人名,
5900,皙,7699,Big5-2,,B,,,V,,V,,,,20,,2,,11,,皙白
7813,皤,076A4,Big5-2,,C,,,V,,V,,,,,,,,6,,白髮皤皤
5901,皸,076B8,Big5-2,,C,,,V,,V,,,,,,2,,11,偶爾會用,皸裂(龜裂) 或是日文好像也有用
5195,盅,076C5,Big5-1,客,A,A,,V,,V,,,,,,3,,13,常用詞,茶盅
8625,盱,076F1,Big5-2,,B,,,V,,V,,,,1,,3,,5,,"建議基本包增收「盱」字。
「盱衡」作為書面語並不罕見。中研院現代漢語語料庫詞頻統計「盱衡(VE)」詞頻2次（排序70282），香港中文大學現代漢語常用字頻統計「盱」字在台灣屬前5000字，字頻3次（8'90年代排序3728）。"
6580,眇,7707,Big5-1,客,A,,,V,V,V,,,,2,,2,,9,,
2903,眈,7708,Big5-2,,A,A,,V,V,V,,,,,,2,,14,不分類,14 都有收
5560,眛,0771B,Big5-2,,C,,,V,,V,,,,,,2,,12,,眛，目不明也。 與昧不同
5561,眥,7725,Big5-2,客,C,,,V,,V,,,,1,,2,,12,,眥睚必報
6250,眯,0772F,Big5-2,台,A,,,V,,V,,,,,,,,10,,
5197,着,7740,CJK,台,,A,,,,,,,,,10,1,常,13,異體,著
2916,睇,7747,Big5-2,,B,B,,V,,V,,,,,,2,,14,不分類,14 都有收
6926,睚,0775A,Big5-2,台、客,B,,,V,,V,,,,,,2,,8,,
5902,睢,7762,Big5-1,,A,,,V,,V,,,13,1,,3,,11,史地用字,
5198,瞅,7785,Big5-2,台,A,A,,V,,V,,,,,,,,13,常用詞,瞅一眼
5199,瞋,0778B,Big5-1,客,A,A,,V,V,V,,,,,,2,,13,常用詞,瞋目
2948,瞼,077BC,Big5-1,,A,A,,V,V,V,,,,,,2,,14,不分類,14 都有收
7293,矧,7.70E+08,Big5-2,,,,,V,,V,,,,,,1,,7,,法律判決、公文用字
6582,矬,077EC,Big5-2,,,,,V,,V,,,,,,4,,9,,hen ㄘㄨㄛˊ
6253,矸,077F8,Big5-2,台,B,,,V,,V,,,,,,,,10,,
5903,砒,7812,Big5-2,台,A,A,,V,,V,,,,,,2,,11,,砒霜
6930,砠,7820,Big5-1,,A,,,V,,V,,,,,,2,,8,,
5904,砦,7826,Big5-2,,A,A,,V,,V,,,,1,,1,人,11,,日文與少數姓氏
2975,砲,7832,Big5-1,台、客,A,A,,V,V,V,,,,,,1,常,14,不分類,14 都有收
6583,砵,7835,Big5-2,,B,B,,V,,V,,,,,,,,9,,
5200,硅,7845,Big5-2,,A,A,,,,V,,,,,,2,,13,常用詞,矽、硅、珪
7296,硍,0784D,Big5-2,,,,,V,,,,,,,,,,7,,but好想收 為了ㄎㄣˋ
6931,硎,0784E,Big5-1,,A,,,V,,V,,,,,,3,,8,,
5562,硐,7850,Big5-2,台,C,,,,,,,2,,,,,,12,台灣地名,侯硐
5563,硒,7852,Big5-2,,A,,,V,,V,,,,,,,,12,科學工程,元素表
5201,确,0786E,Big5-2,客,,,,V,,V,,,,,,3,,13,異體,確
6584,硿,0787F,Big5-1,台,A,,,,,,,1,,,,,,9,,
5564,碁,7881,Big5-2,,A,A,,,,V,,,,24,,1,常,12,,宏碁
5202,碇,7887,Big5-2,台,A,A,,V,,V,36,47,,11,10,1,,13,台灣地名,石碇
5565,碓,7893,Big5-1,台、客,A,,,V,,V,,12,1,,1,1,人,12,台灣地名,水碓景觀公園
5566,碣,078A3,Big5-1,台,A,A,,V,,V,,1,,,1,2,,12,台灣地名,
2996,碴,078B4,Big5-2,,A,,,V,,V,,,,,,,,14,不分類,14 都有收
8648,磔,078D4,Big5-2,,,,,V,,V,,,,,,2,,5,,永字八法、磔刑
6256,磡,7.80E+02,Big5-2,客,B,B,,,,,,,,,,4,,10,,
6257,磧,7.80E+08,Big5-1,,A,,,V,,V,,,,,,2,,10,,
6258,礑,7911,Big5-2,,C,,,,,,,,,,,2,,10,,
5568,礡,7921,Big5-2,,B,B,,,,,,,,1,,,,12,異體,礴；Big5誤收了這個字
6259,礴,7934,CJK,,B,,,V,V,V,,,,,,3,,10,常用詞,氣勢磅礴；Big5誤收成礡字
6260,礽,0793D,Big5-2,,B,,,V,,V,,,,76,,,,10,,
5203,祂,7942,Big5-2,,B,,,V,V,V,,,,,,,,13,常用詞,
5905,祓,7953,Big5-2,,,,,V,,V,,,,1,,2,,11,,
5204,祛,0795B,Big5-2,客,A,A,,V,,V,,,,,,4,,13,常用詞,祛痰、祛災、祛邪
3035,祢,7962,CJK,,,,,,,,,,,,,1,人,14,不分類,14 都有收
6589,禕,7995,Big5-2,,C,,,V,,V,,,,232,,4,,9,,人名
5906,禚,0799A,Big5-2,,C,,,V,,V,,,97,7,,,,11,姓氏、人名,禚家餃子
6590,禛,0799B,Big5-2,,B,B,,,,V,,,,83,,4,,9,,
5570,禰,079B0,Big5-2,,,,,V,,V,,,,,1,1,人,12,命名常用,禰豆子
5205,禳,079B3,Big5-1,,A,A,,V,,V,,,,,,2,,13,地理社會,玉二聖母 禳疫消災祈福 法會
5206,禺,079BA,Big5-1,,A,A,,V,,V,,,,11,,2,,13,中國地名,番禺縣
6262,秈,079C8,Big5-1,,A,,,V,,V,,,,1,,3,,10,,秈稻
3060,秘,079D8,Big5-1,台、客,A,A,,V,V,V,,,64,7,2,1,常,14,不分類,14 都有收
6264,秭,079ED,Big5-2,,B,,,V,,V,,,,11,,3,,10,,中國數字
9594,稉,07A09,CJK,,,,,,,V,,,,,,,,4,,"建議基本包增收「稉」字。
依照教育部辭典與〈常用國字標準字體表〉，應以「粳」為正，「稉」視為異體字。但台灣學術界皆用「稉」而不用「粳」，「秈米/稉米」兩組對應詞組統一從禾字邊，水稻品種如「台稉4號」「台稉9號」也為一般大眾熟知。過去BIG僅收「粳」，且現今多數字型仍缺字之情況下，常以「梗」代「稉」，更造成字碼使用之混亂（此現象另涉及輸入法及字音之爭）。基本包如能補上「稉」字，將有助於減少諸多困擾。"
5907,稗,07A17,Big5-2,台、客,A,A,,V,,V,,,,,,1,,11,,稗官野史
5572,稞,07A1E,Big5-1,,A,,,V,V,V,,,,,,4,,12,食物,青稞
6595,稹,07A39,Big5-2,,,,,V,,V,,,,9,,3,,9,,元稹
5207,穠,07A60,Big5-1,,A,,,V,,V,,,,52,,4,,13,常用詞,穠纖合度
5208,窣,07AA3,Big5-2,台,B,,,V,V,V,,,,,,4,,13,連綿詞,窸窸窣窣
6597,窳,07AB3,Big5-2,,C,,,V,,V,,,,,,3,,9,,minecraft
5209,窸,07AB8,Big5-2,台,B,,,V,V,V,,,,,,,,13,連綿詞,窸窸窣窣
5210,窿,07ABF,Big5-1,客,A,A,,V,V,V,,,,,,2,,13,常用詞,窟窿
5909,竈,07AC8,CJK,台語閱讀越懂,,,,,,V,,,,,1,2,,11,,炭治郎
5573,竑,07AD1,Big5-2,,B,,,V,,V,,,,255,,4,,12,命名常用,
7312,竦,07AE6,Big5-2,,,,,V,,V,,,,1,,2,,7,,悚(ㄙㄨㄥˇ)然
3132,笈,07B08,Big5-2,台,A,A,,V,,V,,,,9,,1,人,14,不分類,14 都有收
5911,笏,07B0F,Big5-2,,A,A,,V,,V,,,,4,2,2,,11,台灣地名,
5912,笪,07B2A,Big5-2,客,B,B,,V,,,,,45,2,,4,,11,中國地名,
7848,笫,07B2B,Big5-2,,B,,,V,,V,,,,,,,,6,,床笫之間
5913,筊,07B4A,Big5-2,台、客,C,,,V,,V,,,,,,,,11,,
5914,筌,07B4C,Big5-2,,A,A,,V,,V,,,,275,,2,,11,,
3147,筑,07B51,Big5-1,,A,A,,V,V,V,,,,3067,42,1,人,14,不分類,14 都有收
5915,筧,07B67,Big5-1,台、客,A,,,V,,V,,4,,3,,2,,11,,
5211,筮,07B6E,Big5-1,,A,A,,V,,V,,,,2,,2,,13,常用詞,卜筮
3152,筱,07B71,Big5-2,客,B,B,,V,,V,,,3,6441,,2,,14,不分類,14 都有收
5574,筴,07B74,Big5-2,,,,,V,,V,,,,,,2,,12,常用詞,竹筴魚
3155,箇,07B87,Big5-1,,A,A,,V,,V,,,,1,1,1,常,14,不分類,14 都有收
5212,箍,07B8D,Big5-2,台、客,A,A,,V,V,V,,,,,,2,,13,常用詞,髮箍
6602,箠,07BA0,Big5-1,台,A,,,V,,V,,,,,,,,9,,
5213,箬,07BAC,Big5-2,台,C,,,V,V,V,,,,1,,,,13,異體,篛
5214,箸,07BB8,Big5-1,台、客,A,A,,V,,V,,,,,,1,常,13,常用詞,筷子
5916,篋,07BCB,Big5-2,台,,,,V,,V,,,,,,2,,11,,
5917,篌,07BCC,Big5-1,,A,,,V,,V,,,,,,2,,11,古漢文,
5575,篝,07BDD,Big5-2,,,B,,V,V,V,,,,,,2,,12,,
5215,篠,07BE0,Big5-1,台,A,A,,V,,V,,,3,6,2,1,人,13,姓氏、人名,
5216,篦,07BE6,Big5-1,台、客,A,,,V,,V,,,,,,2,,13,常用詞,篦子
5576,篳,07BF3,Big5-2,,B,,,V,,V,,,,1,,2,,12,常用詞,篳路藍縷
6937,簋,07C0B,Big5-2,,,,,V,,V,,,,,,4,,8,,故宮文物
3180,簌,07C0C,Big5-1,,A,,,V,,V,,,,,,,,14,不分類,14 都有收
5577,籀,07C40,Big5-1,,A,,,V,,V,,,,,,2,,12,常用詞,籀文
6938,籣,07C63,Big5-1,客,A,,,V,,V,,,,1,,,,8,,
5217,籥,07C65,Big5-1,,A,,,V,,V,,,,1,,2,,13,古漢文,樂器名。古代之管樂器
3205,籽,07C7D,Big5-1,客,A,A,,V,V,V,,1,,3,,,,14,不分類,14 都有收
3206,粄,07C84,Big5-2,客,C,,,V,V,V,,,,,,,,14,不分類,14 都有收
5578,粑,07C91,Big5-2,客,B,,,V,V,V,,,,,,,,12,常用詞,糌粑、粑粑絲
5218,粕,07C95,Big5-1,台、客,A,A,,V,V,V,,,,6,,1,,13,常用詞,糟粕
3210,粘,07C98,Big5-2,,A,A,,V,V,V,,3,9916,598,,1,常,14,不分類,14 都有收
5219,粧,07CA7,Big5-2,台,A,A,,,,V,,,,20,,1,常,13,異體,妝
8709,粨,07CA8,Big5-2,,,,,,,,,,,2,,2,,5,,阿粨(原住民小米粽)
7865,粩,07CA9,CJK,台,,,,,,,,,,,,,,6,,麻粩
5579,粲,07CB2,Big5-2,,A,A,,V,,V,,,,42,2,2,,12,命名常用,
5919,粼,07CBC,Big5-2,,B,B,,V,,V,,,,1,,3,,11,,
3219,粿,07CBF,Big5-2,台,C,,,V,V,V,,,,,,4,,14,不分類,14 都有收
6276,糅,07CC5,Big5-2,,B,B,,V,,V,,,,,,2,,10,,
7866,糌,07CCC,Big5-2,,,,,V,,V,,,,,,,,6,,糌粑
5220,糗,07CD7,Big5-2,,C,,,V,V,V,,,,,,4,,13,常用詞,出糗
3230,糬,07CEC,Big5-2,客,C,,,V,V,V,,,,,,,,14,不分類,14 都有收
3232,糰,07CF0,Big5-1,客,A,,,V,V,V,,,,,,,,14,不分類,14 都有收
5221,糴,07CF4,Big5-2,台、客,B,,,V,,V,,,21,6,,2,,13,常用詞,農耕時代較常用，但今日留在地名多
5922,糶,07CF6,Big5-2,台、客,C,,,V,,V,,,,,,2,,11,台語,糶米
5222,紆,07D06,Big5-1,,A,A,,V,,V,,,,4,,2,,13,常用詞,紆鬱
5581,紈,07D08,Big5-2,,A,A,,V,,V,,,,2,,3,,12,常用詞,紈褲子弟
5223,紓,07D13,Big5-2,,B,B,,V,V,V,,,,105,,3,,13,常用詞,紓困
5224,紘,07D18,Big5-2,,A,A,,V,,V,,,,880,,1,人,13,姓氏、人名,
5923,紬,07D2C,Big5-2,台,,A,,V,,V,,,,1,,1,人,11,日文,綢 人名
6277,紲,07D32,Big5-1,台,A,,,V,,V,,,,,,2,,10,,
5924,紺,07D3A,Big5-2,台,A,A,,V,,V,,,,,,1,常,11,,
5225,絛,07D5B,Big5-1,,A,,,V,V,V,,,,,,2,,13,常用詞,絛蟲
6603,絜,07D5C,Big5-2,,C,,,V,,V,,,,556,,3,,9,姓氏、人名,
6279,絝,07D5D,CJK,,C,,,,,V,,,,,,,,10,,紈絝子弟 紈褲子弟
5583,絣,07D63,Big5-2,,,,,V,,V,,,,,,2,,12,日文,
5226,絳,07D73,Big5-1,台,A,A,,V,,V,,,,1,,2,,13,常用詞,絳青
5227,綉,07D89,CJK,,B,,,,,V,,,,513,,2,,13,姓氏、人名,
5228,綣,07DA3,Big5-2,,C,,,V,,V,,,,1,,2,,13,常用詞,繾綣
5584,綫,07DAB,CJK,,,,,,,V,,,1,,,2,,12,異體,線
5229,綬,07DAC,Big5-1,,A,A,,V,,V,,,,7,,1,,13,動植物,綬草（企業名也很多的樣子）
7336,綹,07DB9,Big5-2,台、客,,,,V,,V,,,,,,,,7,,一綹頭髮
3299,緋,07DCB,Big5-2,,A,A,,V,,V,,,,9,,1,人,14,不分類,14 都有收
7877,緙,07DD9,Big5-1,,A,,,V,,V,,,,,,4,,6,,緙絲工藝
6606,緡,07DE1,Big5-2,,A,A,,V,V,V,,,,4,,2,,9,,
5230,緲,07DF2,Big5-1,,A,,,V,,V,,,,,,2,,13,常用詞,縹緲
3312,緹,07DF9,Big5-1,,A,A,,V,,V,,,,107,,4,,14,不分類,14 都有收
5585,縉,7.00E+09,Big5-1,,A,A,,V,,V,,,,183,,2,,12,命名常用,
5231,縐,7.00E+10,Big5-1,台、客,A,A,,V,V,V,,,,,,4,,13,偶爾會用,縐紗（但縐也常作為皺異體用）
5232,縝,07E1D,Big5-1,,A,A,,V,,V,,,,17,,4,,13,常用詞,縝密
5233,縞,07E1E,Big5-1,,A,A,,V,,V,,,,,,1,人,13,偶爾會用,縞布
6280,縟,07E1F,Big5-2,,A,A,,V,,V,,,,,,2,,10,,
5925,縴,7.00E+34,Big5-1,,A,,,V,V,V,,,,,,,,11,,
5234,縵,7.00E+35,Big5-1,,A,,,V,,V,,,,16,,2,,13,偶爾會用,縵布
5235,縹,7.00E+39,Big5-1,,A,,,V,,V,,,,1,,2,,13,常用詞,縹緲
6282,繇,7.00E+47,Big5-2,,A,A,,V,,V,,,,1,,3,,10,,
6946,繈,7.00E+48,Big5-1,,A,,,V,,V,,,,,,,,8,,
6283,繒,7.00E+52,Big5-1,,A,A,,V,,V,,,,,,3,,10,,
6284,繖,7.00E+56,Big5-2,,,,,V,,V,,,,,,2,,10,,
6285,繙,7.00E+59,Big5-1,,A,,,V,,V,,,,1,,2,,10,,
5926,繰,7.00E+70,Big5-2,,,A,,V,,V,,,,,,1,常,11,日文,
3338,繳,7.00E+73,Big5-1,台、客,A,A,,V,V,V,,,5,1,,4,,14,不分類,14 都有收
6610,繻,07E7B,Big5-2,,B,,,V,,V,,,,43,,2,,9,,
5927,繾,07E7E,Big5-2,,C,,,V,,V,,,,,,4,,11,,
6611,纈,7.00E+88,Big5-2,,,,,V,,V,,,,5,,2,,9,,
3344,纍,07E8D,Big5-2,,B,B,,V,V,V,,,,,,3,,14,不分類,14 都有收
5236,纔,7.00E+94,Big5-1,,A,,,V,,V,,,,,,2,,13,異體,才
6949,纘,7.00E+98,Big5-2,,A,A,,V,,V,,1,,4,,4,,8,,
5237,纛,07E9B,Big5-2,,A,A,,V,,V,,,,,,2,,13,古漢文,纛旗（軍中的大旗）
5238,罅,07F45,Big5-2,客,B,B,,V,,V,,,,,,2,,13,姓氏、人名,公司行號粉專有點多
3355,罌,07F4C,Big5-1,,A,A,,V,V,V,,,,1,,2,,14,不分類,14 都有收
6950,罍,07F4D,Big5-2,,B,,,V,,V,,,,,,2,,8,,
3357,网,07F51,Big5-2,,A,,,V,,V,,,,,,2,,14,不分類,14 都有收
6287,罡,07F61,Big5-2,,B,,,V,,V,,,,67,,4,,10,,
5587,罣,07F63,Big5-2,,C,,,V,,V,,,,,,4,,12,常用詞,罣礙
5588,罫,07F6B,Big5-2,,,A,,V,,V,,,,,,1,,12,常用詞,罫線
5928,羆,07F86,Big5-2,,,,,V,,V,,,,,,2,,11,中國地名,熊羆嶺
5929,羥,07FA5,Big5-2,,C,,,V,,V,,,,,,,,11,科學工程,羥基
6614,羧,07FA7,Big5-2,,,,,V,,V,,,,,,,,9,,羧基
7893,羰,07FB0,Big5-2,,,,,V,,V,,,,,,,,6,,羰ㄊㄤ基
3390,翊,07FCA,Big5-2,,A,A,,V,,V,,,,3554,,2,,14,不分類,14 都有收
5591,翦,07FE6,Big5-2,,B,,,V,V,V,,,11,2,,2,,12,常用詞,一翦梅
5930,翫,07FEB,Big5-2,,A,A,,V,,V,,,,,,1,,11,命名常用,
6615,翬,07FEC,Big5-2,,C,,,V,,V,,1,,36,,3,,9,,基翬漁港
6952,翮,07FEE,Big5-1,,A,,,V,,V,,,,1,,3,,8,,
5239,耄,8004,Big5-1,,A,,,V,,V,,,,2,,2,,13,古漢文,耄耋之年
3411,耋,0800B,Big5-1,,A,,,V,,V,,,,1,,2,,14,不分類,14 都有收
6290,耑,8011,Big5-1,,A,,,V,,V,,,,20,,4,,10,,
5593,耦,8026,Big5-1,,A,,,V,,V,,,,,,3,,12,常用詞,耦合
5241,耨,8028,Big5-1,,A,,,V,,V,,,,,,2,,13,常用詞,耨瘡
5242,聒,8052,Big5-1,,A,,,V,V,V,,,,,,2,,13,常用詞,聒噪
7344,聵,8075,Big5-2,,C,,,V,,V,,,,,,4,,7,,振聾發聵
6616,肏,0808F,Big5-2,,,,,V,,V,,,,,,,,9,,粗話
6618,肽,080BD,CJK,,,,,,,V,,,,,,,,9,,胜肽
7898,胇,080C7,Big5-2,,,,,V,,V,,,,,,,,6,,雞胇、雞腩胇
5931,胗,080D7,Big5-2,客,B,,,V,,V,,,,,,3,,11,食物,
5595,胜,080DC,Big5-2,,A,,,V,,V,,,,,,,,12,常用詞,胜肽、勝的簡體
5244,胝,080DD,Big5-1,,A,,,V,V,V,,,,,,2,,13,常用詞,胼胝體
5245,胯,080EF,Big5-1,,A,A,,V,,V,,,,,,2,,13,常用詞,胯下
5246,胺,080FA,Big5-2,,A,A,,V,,V,,,,,,,,13,科學工程,三聚氰胺、胺基酸
5932,胼,080FC,Big5-1,,A,,,V,V,V,,,,,,2,,11,常用詞,
6954,脘,8118,Big5-2,,A,A,,V,,V,,,,,,3,,8,,
5596,脛,0811B,Big5-2,客,A,A,,V,,V,,,,,,2,,12,常用詞,不脛而走
6955,脰,8130,Big5-1,台,A,,,V,,V,,,,,,,,8,,
7900,腈,8148,CJK,客,B,,,,,,,,,,,,,6,,
5597,腊,0814A,Big5-2,,A,,,V,,V,,,,1,,3,,12,異體,臘
5598,腌,0814C,Big5-1,台,A,,,V,,V,,,,,,,,12,異體,醃、骯
5599,腓,8153,Big5-1,,A,,,V,,V,,,,2,2,2,,12,地理社會,腓尼基
3501,腩,8169,Big5-2,台,B,B,,V,,V,,,,,,4,,14,不分類,14 都有收
5247,腴,8174,Big5-1,,A,,,V,,V,,,,,,2,,13,常用詞,豐腴
6293,膂,8182,Big5-1,,A,,,V,,V,,,,,,2,,10,,
6627,膕,8195,Big5-2,客,,,,V,,,,,,,,2,,9,,膕肌
5600,膘,8198,Big5-1,客,A,A,,V,,V,,,,,,4,,12,食物,
6294,膻,081BB,Big5-2,,B,,,V,,V,,,,,,3,,10,,
5933,臊,081CA,Big5-2,台、客,B,,,V,,V,,,,,,3,,11,,
5934,臠,8.10E+01,Big5-2,,C,,,V,,V,,,,,,2,,11,偶爾會用,
6629,臢,8.10E+03,Big5-1,台,A,,,V,,V,,,,,,,,9,,
3562,舖,8216,Big5-2,台,B,,,V,,V,,,,,42,2,,14,不分類,14 都有收
5248,舘,8218,CJK,,A,,,,,,,30,,,,1,,13,異體,館
5249,舺,0823A,Big5-2,台,C,,,V,V,V,,1,,,,,,13,台灣地名,艋舺
10916,艉,8249,Big5-2,,,,,V,,V,,,,,,4,,3,,艦艉
3577,艋,0824B,Big5-1,台,A,,,V,V,V,,1,,,,4,,14,不分類,14 都有收
10917,艏,0824F,Big5-2,,C,,,V,,V,,,,1,,4,,3,,艦艏
3585,艷,8277,Big5-1,台,A,A,,,,V,,,,199,,2,,14,不分類,14 都有收
5250,艸,8278,Big5-2,,,A,,V,,V,,,,,,2,,13,部首,
3587,芃,8283,Big5-2,,B,,,V,,V,,,,878,,4,,14,不分類,14 都有收
3588,芊,0828A,Big5-2,,B,B,,V,,V,,,,736,,4,,14,不分類,14 都有收
5251,芎,0828E,Big5-2,台、客,A,A,,V,,V,47,69,71,5,2,3,,13,常用詞,九芎
8771,芘,8298,Big5-2,,,,,V,,V,,,,,,,,5,,C16H10、店家名
9665,芛,0829B,Big5-2,,,,,V,,,,,,21,,,,4,,麻芛
5252,芡,082A1,Big5-2,台,B,,,V,V,V,,,,2,,3,,13,常用詞,勾芡
6958,芣,082A3,Big5-1,,A,,,V,,V,,,,,,3,,8,,
5602,芩,082A9,Big5-2,,A,A,,V,,V,,,,361,,3,,12,動植物,黃芩
5253,芫,082AB,Big5-2,台,B,,,V,,V,,,,176,,2,,13,常用詞,芫荽
3597,芮,082AE,Big5-2,,A,A,,V,,V,,,476,435,,3,,14,不分類,14 都有收
3598,芯,082AF,Big5-1,客,A,A,,V,,V,,,,772,,1,常,14,不分類,14 都有收
6299,芰,082B0,Big5-1,,A,,,V,,V,,,,,,,,10,,離騷：芰荷
3601,芷,082B7,Big5-1,台、客,A,A,,V,,V,,,,2916,,3,,14,不分類,14 都有收
3602,芸,082B8,Big5-1,,A,A,,V,V,V,,5,,6132,10,1,常,14,不分類,14 都有收
5935,芾,082BE,Big5-1,,A,,,V,V,V,,,,6,,3,,11,,米芾
5603,苙,082D9,Big5-2,,C,,,V,V,V,,,,23,,2,,12,姓氏、人名,一副人名常用樣...
5254,苡,8.20E+02,Big5-2,,A,A,,V,,V,,,18,757,,2,,13,姓氏、人名,
5604,苫,082EB,Big5-2,,,,,V,,V,,,9,1,2,1,,12,世界地名,苫小牧
3619,苯,082EF,Big5-1,,A,A,,V,,V,,,,,,,,14,不分類,14 都有收
5255,苳,082F3,Big5-2,台,C,,,,,,,19,,1,,2,,13,常用詞,茄苳
5605,苷,082F7,CJK,,B,,,,,V,,,,,,4,,12,常用詞,核苷酸
3621,苹,082F9,Big5-2,,A,,,V,,V,,,,450,,2,,14,不分類,14 都有收
5936,苺,082FA,Big5-2,,B,,,,,V,,,,2,,2,人,11,命名常用,命名會用
6301,苻,082FB,Big5-2,台,,,,V,V,V,,,,,,2,,10,,「苻」字作為姓氏，且該字非本土語特用，應從本土包移至基本包。
5256,茆,8306,Big5-1,,A,,,V,,V,,,639,31,,2,,13,動植物,植物、少數姓氏
3629,茜,0831C,Big5-2,,A,A,,V,,V,,,1,1423,,1,人,14,不分類,14 都有收
3630,茨,8328,Big5-1,,A,A,,V,V,V,,,,25,39,1,常,14,不分類,14 都有收
5937,茬,0832C,Big5-2,,,,,,,V,,,6,2,,,,11,姓氏、人名,
5257,茭,0832D,Big5-2,台、客,B,,,V,,V,,3,,,,3,,13,動植物,茭白筍
5606,茯,0832F,Big5-2,台、客,A,A,,V,,V,,,,2,,2,,12,常用詞,茯苓 (中藥)
5258,茼,0833C,Big5-2,,B,,,V,V,V,,,,3,,4,,13,動植物,茼蒿
5259,荃,8343,Big5-1,,A,A,,V,,V,,,,427,,3,,13,姓氏、人名,
6632,荇,8347,Big5-2,台,A,A,,V,,V,,,,1,,3,,9,,
5607,荖,8356,Big5-2,台,C,,,V,,,,9,,,10,,,12,台灣地名,荖濃溪
5260,荳,8373,Big5-2,台,A,A,,V,V,V,,9,,4,1,2,,13,常用詞,荳蔻年華
5608,荽,0837D,Big5-2,台,B,,,V,,V,,,,,,3,,12,動植物,芫荽
5261,莆,8386,Big5-1,,A,A,,V,,V,,,,48,,3,,13,動植物,莆田
5262,莧,083A7,Big5-1,台、客,A,,,V,,V,,,,1,,3,,13,動植物,莧菜
5938,莨,083A8,Big5-2,,B,,,V,,V,,,,41,,2,,11,命名常用,
8780,莩,083A9,Big5-2,,,A,,V,,V,,,,,,3,,5,,民有飢色野有餓莩
5939,莪,083AA,Big5-2,,A,A,,V,,V,,,,3,10,2,,11,,
5940,莿,083BF,Big5-2,台,C,,,V,,V,39,42,,,,3,,11,,雲林縣莿桐鄉
5941,菀,083C0,Big5-2,,B,,,V,,V,,,,823,,3,,11,姓氏、人名,
3664,菇,083C7,Big5-2,台、客,A,A,,V,V,V,,,,1,10,3,,14,不分類,14 都有收
5942,菈,083C8,Big5-2,,C,,,V,,,,,21,,,,,11,,
5263,菓,083D3,CJK,,A,A,,,,V,,8,,5,,1,常,13,食物,菓子
6304,菔,083D4,Big5-1,,A,,,V,,V,,,,2,,4,,10,,
5264,菖,083D6,Big5-2,台,A,A,,V,V,V,,,,152,,1,人,13,動植物,菖蒲
5944,菘,083D8,Big5-2,,B,,,V,,V,,,,206,,2,,11,,
5265,菟,083DF,Big5-1,,A,,,V,V,V,,,,,,1,,13,動植物,菟絲
5945,菫,083EB,Big5-2,,,A,,V,V,V,,,,6,,2,人,11,,
6962,萁,8401,Big5-2,,C,,,V,,V,,,,48,,3,,8,,傅崐萁、煮豆燃豆萁
5267,萇,8407,Big5-1,,A,,,V,,V,,,21,,,2,,13,動植物,公司行號常用
7924,萘,8418,CJK,,,,,,,,,,,,,,,6,,萘丸(樟腦丸)
5946,萣,8423,Big5-2,台,C,,,V,,,62,63,,1,,,,11,,高雄市茄萣區
5609,萩,8429,Big5-2,,A,A,,V,,V,,,,228,2,1,人,12,世界地名,人名常用、日本常見地名用字
5268,葆,8446,Big5-1,,A,A,,V,V,V,,2,,113,,2,,13,姓氏、人名,賴士葆
3691,葚,0845A,Big5-2,,B,,,V,V,V,,,,1,,4,,14,不分類,14 都有收
5269,葭,0846D,Big5-1,,A,,,V,,V,,,,44,,2,,13,姓氏、人名,
5270,葯,0846F,Big5-2,,A,A,,V,,V,,,,,,2,,13,異體,藥
3699,葱,8471,CJK,,A,A,,,,,,,,,,1,,14,不分類,14 都有收
3700,葳,8473,Big5-2,,B,,,V,,V,,,3,969,,3,,14,不分類,14 都有收
5947,葶,8476,Big5-2,,B,,,V,,V,,,,490,,4,,11,,
5948,葺,0847A,Big5-2,,A,A,,V,,V,,,,,,1,人,11,,
5949,蒔,8494,Big5-2,客,A,A,,V,,V,,,,92,,1,人,11,,
3708,蒟,0849F,Big5-2,,B,,,V,,V,,,,1,,2,,14,不分類,14 都有收
5271,蒡,084A1,Big5-2,台,A,A,,V,,V,,,,,,2,,13,動植物,牛蒡
3709,蒨,084A8,Big5-2,,B,B,,V,,V,,,,1017,,,,14,不分類,14 都有收
5950,蒯,084AF,Big5-2,,,,,V,,V,,,119,7,,3,,11,,
5610,蒴,084B4,Big5-2,,C,,,V,,V,,,,2,,3,,12,動植物,
7362,蒹,084B9,Big5-2,,,,,V,,V,,,,7,,2,,7,,蒹葭蒼蒼
7933,蒺,084BA,Big5-2,,,,,V,,V,,,,,,3,,6,,蒺藜
3712,蒻,084BB,Big5-2,,A,A,,V,,V,,,,,,2,,14,不分類,14 都有收
7934,蒽,084BD,CJK,,,,,,,,,,,,,,,6,,蒽 （ ㄣ ） 舊稱荌（Anthracene），俗稱綠油腦，一種稠環芳香烴
3716,蓁,084C1,Big5-2,台,B,,,V,,V,,6,,3673,,2,,14,不分類,14 都有收
3720,蓊,084CA,Big5-1,客,A,,,V,V,V,,,,2,,2,,14,不分類,14 都有收
5951,蓍,084CD,Big5-2,,,A,,V,,V,,,,,,2,,11,,
5272,蓑,084D1,Big5-1,台、客,A,A,,V,V,V,,,,,,1,人,13,常用詞,蓑衣
5611,蓖,084D6,Big5-2,,A,,,V,,V,,,,,,2,,12,動植物,
9679,蓪,084EA,Big5-2,台,C,,,V,,,,,,,,4,,4,,蓪草
6306,蓴,084F4,Big5-2,,A,A,,V,,V,,,,26,,2,,10,,
5612,蓼,084FC,Big5-2,客,,A,,V,,V,,,,6,1,2,,12,動植物,木天蓼
6634,蓽,084FD,Big5-2,,C,,,V,,V,,,,,,4,,9,,蓽路藍樓、蓬蓽生輝
6307,蔆,8506,Big5-1,,A,,,V,,,,,,61,,2,,10,,
5613,蔘,8518,Big5-2,,A,A,,V,,V,,,,10,,2,,12,動植物,人蔘
5614,蔦,8526,Big5-2,,A,,,V,,V,,5,,,,1,人,12,常用詞,蔦屋書店
6309,蔫,0852B,Big5-2,台,A,,,V,,V,,,,,,4,,10,,
3736,蔻,0853B,Big5-2,,B,B,,V,V,V,,,,2,12,,,14,不分類,14 都有收
5615,蕁,8541,Big5-2,,A,A,,V,,V,,,,,,2,,12,常用詞,蕁麻疹
,,,,,,,,,,,,,,,,,,,,
3742,蕎,0854E,Big5-2,台,A,A,,V,,V,,,,138,,1,人,14,不分類,14 都有收
6313,蕞,0855E,Big5-1,,A,,,V,,V,,,,,,4,,10,,
5616,蕤,8564,Big5-2,,B,,,V,,V,,,,2,,3,,12,動植物,
5273,薈,8588,Big5-2,台,B,B,,V,,V,,,,94,,2,,13,動植物,蘆薈
5274,薊,0858A,Big5-1,,A,,,V,,V,,,,,,2,,13,動植物,菊科薊屬
5275,薏,0858F,Big5-2,台,A,A,,V,,V,,1,,822,,3,,13,動植物,薏仁
5617,薙,8599,Big5-2,,,,,V,,V,,,,,,1,人,12,日文,草薙（日本ACG常見人名）
6966,薤,085A4,Big5-2,,,,,V,,V,,,,,,2,,8,,五辛之一
3755,薦,085A6,Big5-1,台、客,A,A,,,V,V,,,,6,,1,常,14,不分類,14 都有收
5276,薨,085A8,Big5-1,,A,A,,V,,V,,,,,,2,,13,古漢文,古代諸侯或大官死亡稱為「薨」
5952,薹,085B9,Big5-1,,A,,,V,,V,,,,,,2,,11,,
5277,薺,085BA,Big5-1,台、客,A,A,,V,,V,,,,13,,2,,13,動植物,荸薺
5953,藜,085DC,Big5-2,,A,A,,V,,V,,,,32,,2,,11,,
5278,藷,085F7,Big5-1,,A,A,,V,V,V,,,,,,1,,13,異體,薯，但甘藷一詞不會寫薯
6315,藿,085FF,Big5-2,,A,A,,V,,V,,,,1,,3,,10,,藿香
6967,蘅,8605,Big5-2,,B,,,V,,V,,,,35,,3,,8,,
5618,蘢,8622,Big5-2,,,C,,V,,V,,,,1,,2,,12,命名常用,
6317,虯,0866F,Big5-2,台,B,,,V,,V,,,,,,4,,10,,
6318,虺,0867A,Big5-1,,A,,,V,,V,,,,,,4,,10,,
5619,虻,0867B,Big5-1,客,A,,,V,,V,,,,,10,1,,12,動植物,
5954,蚋,0868B,Big5-2,台,C,,,V,,V,,,38,,,2,,11,,加蚋
5955,蚕,8695,Big5-2,,,,,V,,V,,,,,,1,常,11,,
5956,蚜,0869C,Big5-1,,A,,,V,V,V,,,,,,4,,11,,
7373,蚰,086B0,Big5-2,,,,,V,,V,,,,,,2,,7,,蚰蜒
7956,蚺,086BA,Big5-2,,,,,V,,,,,,,,,,6,,森蚺、蚺科
5620,蛉,086C9,Big5-1,台,A,,,V,V,V,,,,5,,2,,12,動植物,草蛉科
5957,蛐,086D0,Big5-1,,A,A,,V,,V,,,,,,,,11,,
5279,蛞,086DE,Big5-1,客,A,,,V,,V,,,,,,2,,13,動植物,蛞蝓
5958,蛸,086F8,Big5-2,,A,,,V,,V,,,,,,1,,11,,
6637,蛺,086FA,Big5-2,,C,,,V,,V,,,,,,3,,9,,"建議基本包收錄「蛺」。
昆蟲學領域中，「蛺」字應用於蛺蝶科之下多個屬名與種名。蛺蝶為台灣常見蝶類，相關研究、保育以及中小學自然科學領域、生態教學、環境教育等皆為「蛺」字高度使用之場域。另中研院現代漢語語料庫詞頻統計「蛺蝶(Na)」詞頻達8次。綜上所述，「蛺」字有收錄之功能性與必要性。"
3823,蜆,8706,Big5-1,客,A,A,,V,,V,,,,,,2,,14,不分類,14 都有收
5280,蜉,8709,Big5-2,,B,,,V,,V,,,,,,2,,13,動植物,蜉蝣
5281,蜊,0870A,Big5-1,台,A,,,V,,V,,1,,,,2,,13,動植物,蛤蜊
3826,蜍,0870D,Big5-2,台、客,B,,,V,V,V,,,,,,2,,14,不分類,14 都有收
3827,蜒,8712,Big5-2,客,A,A,,V,V,V,,,,,,2,,14,不分類,14 都有收
5621,蜚,0871A,Big5-2,客,A,A,,V,,V,,,,1,,2,,12,常用詞,流言蜚語
5959,蜡,8721,Big5-2,,,,,V,,V,,,,,,4,,11,,
5960,蜩,8729,Big5-1,,A,,,V,,V,,,,,,2,,11,,
5282,蜷,8737,Big5-1,台,A,,,V,V,V,,,,,,2,,13,常用詞,蜷縮
5622,蝎,0874E,Big5-2,,A,A,,V,,V,,,,,,2,,12,異體,蠍
5623,蝓,8753,Big5-1,客,A,,,V,,V,,,,,,2,,12,動植物,蛞蝓
5283,蝟,0875F,Big5-2,,A,A,,V,V,V,,,,,1,2,,13,動植物,刺蝟
5284,蝣,8763,Big5-2,,,,,V,,V,,,,,,2,,13,動植物,蜉蝣
6639,蝮,0876E,Big5-2,,,,,V,,V,,,,,,2,,9,,蝮蛇
6971,螅,8785,Big5-2,,B,,,V,,V,,,,,,,,8,,
5285,螈,8788,Big5-2,,C,,,V,,V,,,,,,3,,13,動植物,蠑螈
8820,螭,087AD,Big5-2,,C,,,V,,V,,,,,,3,,5,,螭龍
5286,螯,087AF,Big5-2,,B,,,V,V,V,,,,,,2,,13,動植物,螯蝦
5624,螽,087BD,Big5-2,,B,,,V,V,V,,,,,,2,,12,動植物,螽斯
5287,蟄,087C4,Big5-2,台、客,A,A,,V,V,V,,,,,,2,,13,常用詞,驚蟄
5288,蟎,087CE,CJK,客語閱讀越懂,B,,,,,,,,,,,4,,13,常用詞,塵蟎
5289,蟠,8.70E+01,Big5-1,,A,A,,V,V,V,,,,2,,2,,13,常用詞,蟠桃
8824,蟥,8.70E+06,Big5-2,,,,,V,,V,,,,,,4,,5,,螞蟥
5961,蟳,087F3,Big5-2,台,C,,,V,,V,,,,,,,,11,,
5290,蟾,087FE,Big5-1,台、客,A,A,,V,V,V,,,,2,1,2,,13,動植物,蟾蜍
7377,蠆,8806,Big5-2,,,,,V,,V,,,,,,3,,7,,水蠆
11000,蠊,0880A,Big5-2,,,,,,,,,,,,,3,,3,,蜚蠊()
5291,蠑,8811,Big5-2,,C,,,V,,V,,,,,,2,,13,動植物,蠑螈
7378,蠓,8813,Big5-2,台,,,,V,,V,,,,,,4,,7,,臺灣鋏蠓(小黑蚊)
6320,蠖,8816,Big5-2,,C,,,V,,V,,,,,,2,,10,,
5962,蠵,8835,Big5-2,,C,,,V,V,V,,,,,,,,11,,
3880,衊,0884A,Big5-2,,C,,,V,,V,,,,,,4,,14,不分類,14 都有收
8830,衖,8856,Big5-2,客,C,,,V,,,,,,,,,,5,,弄
5625,衩,8869,Big5-2,,B,,,V,,V,,,,,,4,,12,常用詞,高衩褲
5963,衲,8872,Big5-2,台,A,A,,V,,V,,,,,,2,,11,,
5626,衹,8879,Big5-1,,A,,,V,,V,,,,,,,,12,命名常用,宗教相關
6644,衽,0887D,Big5-1,,A,,,V,,V,,,,4,,2,,9,,
5964,衾,0887E,Big5-2,,,A,,V,,V,,,,3,,2,,11,,
5965,衿,0887F,Big5-2,客,,A,,V,,V,,,,81,,1,人,11,,
6974,袓,8893,Big5-2,客,B,,,,,,,1,1,7,,,,8,,
5627,袤,088A4,Big5-2,,B,,,V,,V,,,,,,2,,12,命名常用,
6321,袪,088AA,Big5-2,,B,,,V,,V,,,,,,3,,10,,
6646,裎,088CE,Big5-2,,C,,,V,,V,,,,3,,3,,9,,
3908,裏,088CF,Big5-2,台,A,A,,,,V,,,,,2,1,常,14,不分類,14 都有收
6977,裒,088D2,Big5-1,台,A,,,V,,V,,,,,,4,,8,,
5293,裱,088F1,Big5-2,台,B,B,,V,,V,,,,,,4,,13,常用詞,裱匡
5966,褊,0890A,Big5-1,,A,,,V,,V,,,,,,2,,11,,
5967,褔,8914,Big5-2,,B,,,V,,V,,30,,10,,,,11,,
6648,褕,8915,Big5-1,,A,,,V,,V,,,,20,,,,9,,
6322,褙,8919,Big5-2,台,A,A,,V,,V,,,,,,3,,10,,
5968,褡,8921,Big5-1,客,A,,,V,,V,,,,,,,,11,,
5294,襁,8941,Big5-2,客,A,A,,V,V,V,,,,4,,2,,13,常用詞,強褓之年
6980,襞,0895E,Big5-1,台,A,,,V,,V,,,,,,2,,8,,
3942,襬,0896C,Big5-1,,A,,,V,V,V,,,,,,,,14,不分類,14 都有收
6325,覈,8988,Big5-2,,C,,,V,,V,,,,,,2,,10,,覈實
7986,覡,089A1,Big5-2,客,,A,,V,,V,,,,,,2,,6,,巫覡是指能運用超自然力的人
5295,覷,089B7,Big5-2,,B,B,,V,V,V,,,,,,4,,13,常用詞,面面相覷
5970,覿,089BF,Big5-2,,,,,V,,V,,,,1,,2,,11,,
5971,觔,089D4,Big5-1,客,A,,,V,V,V,,,,,,3,,11,,
5972,觚,089DA,Big5-2,,C,,,V,,V,,,,,,2,,11,,
6328,觥,8.90E+06,Big5-2,,B,B,,V,,V,,,,,,3,,10,,
5628,触,8.90E+07,Big5-2,,,,,,,,,,,,,1,常,12,異體,觸
6981,訇,08A07,Big5-2,,,,,V,,V,,,1,,,,,8,,阿訇（伊斯蘭教）
6329,訏,08A0F,Big5-1,,A,,,V,,V,,,,,,,,10,,
5629,訢,08A22,Big5-1,,A,,,V,,V,,,,64,,3,,12,姓氏、人名,人名很多
5296,訶,08A36,Big5-1,,A,A,,V,,V,,,,,,2,,13,常用詞,唐吉訶德
5630,訾,08A3E,Big5-1,,A,,,V,,V,,,92,7,,4,,12,,
5973,詈,08A48,Big5-2,台,,,,V,,V,,,,,,2,,11,,
6651,詎,08A4E,Big5-2,,C,,,V,,V,,,,,,3,,9,,詎料
5297,詒,08A52,Big5-2,,C,,,V,,V,,1,,243,,2,,13,姓氏、人名,人名常用
6330,詡,08A61,Big5-2,,C,,,V,,V,,,,17,,3,,10,,自詡
6653,詨,08A68,Big5-1,,A,,,,,,,,,,,,,9,,
6331,誆,08A86,Big5-2,,C,,,V,,V,,,,,,,,10,,誆騙
5631,誒,08A92,Big5-2,,,,,V,,V,,,,,,,,12,常用詞,感嘆詞；欸
5632,誚,08A9A,Big5-1,客,A,,,V,,V,,,,,,2,,12,台語,民間有將 kiàn-siàu 寫見誚
6982,誧,08AA7,Big5-1,,A,,,,,,,,,,,3,,8,,
4030,誹,08AB9,Big5-1,台,A,A,,V,,V,,,,,,1,,14,不分類,14 都有收
5974,諏,08ACF,Big5-2,,A,A,,V,,V,,,,6,3,1,人,11,,
5975,諗,08AD7,Big5-2,,,B,,V,,V,,,,15,,4,,11,,
5298,諛,08ADB,Big5-1,,A,A,,V,V,V,,,,,,2,,13,常用詞,阿諛奉承
6333,諡,08AE1,Big5-2,,,A,,V,,V,,,,,,2,,10,,諡號
5976,諢,08AE2,Big5-2,,C,,,V,,V,,,,,,2,,11,,
6656,諤,08AE4,Big5-2,,B,,,V,,V,,,,2,,2,,9,,
4048,諳,08AF3,Big5-1,台,A,A,,V,V,V,,,,82,,2,,14,不分類,14 都有收
5299,諶,08AF6,Big5-1,,A,A,,V,,V,,,1378,119,,3,,13,姓氏、人名,姓氏、公司行號常用
5300,諼,08AFC,Big5-1,,A,,,V,,V,,,,48,,4,,13,姓氏、人名,馮諼
5301,謅,08B05,Big5-2,,C,,,V,,V,,,,,,4,,13,常用詞,文謅謅
4059,謐,08B10,Big5-1,,A,A,,V,V,V,,,,16,,2,,14,不分類,14 都有收
5302,謔,08B14,Big5-2,台,A,A,,V,V,V,,,,,,2,,13,常用詞,戲謔
5633,謖,08B16,Big5-2,,A,A,,V,,V,,,,1,,2,,12,姓氏、人名,馬謖
5303,謫,08B2B,Big5-1,,A,A,,V,,V,,,,1,,2,,13,常用詞,指謫
5634,謳,08B33,Big5-2,台,A,A,,V,V,V,,,,1,,2,,12,常用詞,謳歌
5304,謾,08B3E,Big5-2,,B,B,,V,,V,,,,,,2,,13,常用詞,謾罵
5305,譙,08B59,Big5-1,,A,,,V,,V,,,38,3,,3,,13,常用詞,
5635,譟,08B5F,Big5-1,,A,,,V,,V,,,,,,2,,12,常用詞,鼓譟
6337,譫,08B6B,Big5-1,客,A,,,,,V,,,,,,2,,10,,
6657,譭,08B6D,Big5-2,,B,B,,,,,,,,,,,,9,,
5977,讎,08B8E,Big5-2,,C,,,V,,V,,,,,,2,,11,,
6338,讜,08B9C,Big5-1,,A,,,V,,V,,,,,,4,,10,,
5306,讞,08B9E,Big5-2,客,C,,,V,,V,,,,,,4,,13,常用詞,三審定讞
5307,豊,08C4A,Big5-2,,A,A,,,V,V,,21,192,158,11,1,常,13,姓氏、人名,人名常用
6988,豳,08C73,Big5-1,,A,,,V,,V,,,,,,4,,8,,
6659,豸,08C78,Big5-2,台,B,,,V,,V,,,,,,2,,9,,
5308,貅,08C85,Big5-2,,,,,V,,V,,,,,,2,,13,動植物,貔貅、猛獸、公司行號多
5309,貔,08C94,Big5-2,,,,,V,,V,,,,,,2,,13,動植物,貔貅，同上條
4112,貘,08C98,Big5-2,,B,,,V,,V,,,,,,2,,14,不分類,14 都有收
5978,賡,08CE1,Big5-1,,A,,,V,,V,,,1,11,,3,,11,,
5979,賸,08CF8,Big5-1,,A,,,V,,V,,,,15,,3,,11,,
6990,賻,08CFB,Big5-1,,A,A,,V,,V,,,,,,2,,8,,
5981,贔,08D14,Big5-2,,B,,,V,,V,,,,3,,2,,11,,
5982,赶,08D76,Big5-2,,,,,V,,V,,,,,,,,11,,
6339,趖,08D96,Big5-2,台、客,C,,,,,,,,,,,,,10,,
6991,趯,08DAF,Big5-2,,,,,V,,V,,,,2,,3,,8,,側、勒、弩、趯、策、掠、啄、磔。
5983,跖,08DD6,Big5-2,,,,,V,,V,,,,,,2,,11,,
4200,跤,08DE4,Big5-1,台,A,A,,V,V,V,,,,,,,,14,不分類,14 都有收
5311,跩,08DE9,Big5-2,台,C,,,V,,V,,,,,,,,13,常用詞,跩ㄓㄨㄞˇ
6662,跫,08DEB,Big5-2,,B,,,V,,V,,,,,,2,,9,,
5312,踉,8.00E+09,Big5-2,,B,,,V,,V,,,,,,2,,13,常用詞,踉蹌
5638,踊,08E0A,Big5-2,,A,A,,V,,V,,,,,,1,常,12,常用詞,日本舞踊
5313,踞,08E1E,Big5-1,客,A,A,,V,V,V,,,,,,2,,13,常用詞,龍蹯虎踞
4212,踪,08E2A,CJK,,,A,,,,V,,,,,,2,常,14,不分類,14 都有收
5314,踮,08E2E,Big5-2,台,B,,,V,V,V,,,,,,,,13,常用詞,踮腳尖
5985,踰,8.00E+30,Big5-2,,A,A,,V,,V,,,,4,,2,,11,,
6663,踽,08E3D,Big5-2,,B,,,V,,V,,,,,,3,,9,,踽踽而行
6343,蹇,8.00E+47,Big5-2,,A,A,,V,,V,,,46,4,,2,,10,,
5315,蹌,08E4C,Big5-2,台,C,,,V,,V,,,,,,2,,13,常用詞,踉蹌
6344,蹓,8.00E+53,Big5-2,台,B,,,V,,V,,,,,,,,10,,
5639,蹕,8.00E+55,Big5-1,,A,,,V,,V,,,,4,,2,,12,中國地名,國文常出現 （帝王出巡時的交通管制）
9757,蹚,08E5A,Big5-2,,B,,,V,,V,,,,,,,,4,,蹚渾水
4225,蹟,08E5F,Big5-1,台、客,A,A,,V,V,V,,,,3,,1,人,14,不分類,14 都有收
5640,蹠,8.00E+60,Big5-2,,A,A,,V,,V,,,,,1,2,,12,,蹠骨
5986,蹧,8.00E+67,Big5-2,台,C,,,V,V,V,,,,,,,,11,,
5316,蹩,8.00E+69,Big5-2,,B,,,V,,V,,,,,,,,13,常用詞,蹩腳
5317,蹭,08E6D,Big5-2,客,A,,,V,,V,,,,,,4,,13,常用詞,蹭熱度
4231,蹴,8.00E+74,Big5-1,客,A,A,,V,V,V,,,,,,1,常,14,不分類,14 都有收
5318,躋,08E8B,Big5-1,,A,A,,V,,V,,,,1,,2,,13,常用詞,躋身上游
6995,躓,8.00E+93,Big5-1,,A,,,V,,V,,,,,,2,,8,,
6345,躕,8.00E+95,Big5-2,,C,,,V,,V,,,,,,,,10,,踟躕
5987,躥,08EA5,Big5-2,,C,,,V,,V,,,,,,,,11,,
6346,軏,08ECF,Big5-1,,A,,,V,,V,,,,3,,,,10,,
5641,軫,08EEB,Big5-2,,A,A,,V,,V,,,,50,,2,,12,命名常用,
5988,輳,08F33,Big5-1,,A,A,,V,,V,,,,,,2,,11,,
5319,轆,08F46,Big5-2,台,B,B,,V,,V,,,,,1,2,,13,常用詞,飢腸轆轆
6999,轤,08F64,Big5-2,,C,,,V,,V,,,,,,2,,8,,轆轤
11212,辵,08FB5,CJK,,,,,,,V,,,,,,3,,3,,
6671,迓,08FD3,Big5-2,,B,,,V,,V,,,,,,4,,9,,
5320,迤,08FE4,Big5-1,,A,,,V,V,V,,,,1,,3,,13,連綿詞,逶迤
5321,迨,08FE8,Big5-1,,A,,,V,,V,,,,,,3,,13,古漢文,意義同「待」，google map上面一堆亂碼w
5322,迸,08FF8,Big5-1,台,A,A,,V,V,V,,,,,,2,,13,常用詞,迸發
6352,逑,9011,Big5-2,,A,A,,V,,V,,,,3,,2,,10,,
5989,逡,9021,Big5-2,,A,A,,V,,V,,,,,,2,,11,,
8030,逭,0902D,Big5-2,,,,,V,,V,,,,,,3,,6,,罪無可逭
5644,逶,9036,Big5-1,,A,,,V,V,V,,,,,,2,,12,,逶迤
5323,遛,0905B,Big5-1,台,A,,,V,,V,,,,,,,,13,常用詞,遛狗
6353,遝,0905D,Big5-1,,A,A,,V,,V,,,,,,4,,10,,雜遝
5324,遢,9062,Big5-1,客,A,,,V,,V,,,,,,,,13,常用詞,邋遢
6354,遯,0906F,Big5-2,,,A,,V,,V,,,,,,2,,10,,易經六十四卦
5325,遶,9076,Big5-2,客,C,,,V,,V,,1,,,,2,,13,常用詞,媽祖遶境
4382,邃,9083,Big5-1,,A,A,,V,V,V,,,,,,2,,14,不分類,14 都有收
5326,邈,9088,Big5-1,,A,A,,V,,V,,,,,,3,,13,異體,藐；看起來超容易出現在人名
5327,邋,0908B,Big5-1,客,A,,,V,,V,,,,,,,,13,常用詞,邋遢
5328,邨,090A8,CJK,,A,A,,,,V,,24,,5,,2,,13,異體,村
4394,邯,090AF,Big5-2,,A,A,,V,,V,,,3,8,,2,,14,不分類,14 都有收
5645,邰,090B0,Big5-2,,A,A,,V,,V,,,169,19,,4,,12,姓氏、人名,邰智源
6355,邶,090B6,Big5-1,,A,,,V,,V,,,,,,4,,10,,
5646,郃,090C3,Big5-1,,A,,,V,,V,,,,6,,4,,12,命名常用,
6674,郗,090D7,Big5-2,,B,,,V,,V,,,100,10,,3,,9,,
5329,郝,090DD,Big5-1,台,A,A,,V,V,V,,,3226,187,,3,,13,姓氏、人名,郝龍斌
5647,郢,9.00E+03,Big5-1,,A,,,V,,V,,,,22,,2,,12,,
5330,郤,9.00E+05,Big5-2,,C,,,V,,V,,,52,4,,2,,13,異體,隙，也是少數姓氏
6675,郾,090FE,Big5-1,,A,,,V,,V,,,,,,4,,9,,
5331,鄔,9114,Big5-2,台,B,B,,V,,V,,,2841,149,,3,,13,姓氏、人名,
5648,鄞,0911E,Big5-1,,A,,,V,,V,,,2213,147,,4,,12,,
6356,鄢,9122,Big5-2,,,,,V,,V,,,489,40,2,3,,10,,
4413,鄲,9132,Big5-2,,A,A,,V,,V,,,,,,2,,14,不分類,14 都有收
6676,鄴,9134,Big5-1,,A,,,V,,V,,,,7,,3,,9,,
6357,鄺,0913A,Big5-2,,B,B,,V,,V,,,1097,50,,4,,10,,
6358,酆,9146,Big5-2,台,,,,V,,V,,,289,17,,4,,10,,
5333,酈,9148,Big5-1,,A,,,V,,V,,,208,47,,3,,13,史地用字,《左傳．僖公元年》：「公子友帥師敗莒師于酈。」
6359,酎,0914E,Big5-2,,A,A,,V,,V,,,,,,1,常,10,,
6677,酐,9150,Big5-2,,C,,,V,,V,,,,,,,,9,,
4421,酚,0915A,Big5-2,,A,A,,V,,V,,,,,,,,14,不分類,14 都有收
8038,酞,0915E,CJK,,,,,,,,,,,,,,,6,,
5334,酢,9162,Big5-2,,A,A,,V,,V,,,,,,1,常,13,動植物,酢漿草
5650,酮,0916E,Big5-2,,A,A,,V,,V,,,,,,,,12,常用詞,生酮飲食、酮酸中毒
6360,酯,0916F,Big5-2,,B,B,,V,,V,,,,,,,,10,,
5335,酶,9176,CJK,,A,,,,,V,,,,,,,,13,科學工程,酵素
8039,酹,9179,Big5-2,,,,,V,,V,,,,,,4,,6,,念奴嬌：「人間如夢，一尊還酹江月。
5651,醂,9182,Big5-2,,,,,,,,,,,,,2,,12,常用詞,味醂
5652,醍,0918D,Big5-2,,A,A,,V,,V,,,,4,,1,人,12,常用詞,醍醐味
5653,醐,9190,Big5-2,,A,,,V,,V,,,,,,1,人,12,常用詞,醍醐味
5654,醚,0919A,Big5-2,,A,,,V,,V,,,,,,,,12,科學工程,乙醚
5336,醛,0919B,Big5-2,,A,A,,V,,V,,,,,,,,13,科學工程,甲醛
4440,醮,091AE,Big5-1,台、客,A,A,,V,,V,,,,3,,4,,14,不分類,14 都有收
5655,醯,091AF,Big5-2,,A,A,,V,,V,,,,,,2,,12,科學工程,乙醯輔酶a
5337,醱,091B1,Big5-1,,A,A,,V,,V,,,,,,3,,13,科學工程,醱酵
5338,醴,091B4,Big5-1,台,A,A,,V,,V,,,,7,1,2,,13,不分類,甜酒意、公司行號多
5656,釆,091C6,Big5-1,,A,,,V,,V,,,,51,,1,,12,部首,部首
6679,釙,091D9,Big5-1,,A,,,V,,V,,,,1,,,,9,,
5657,釩,9.10E+10,Big5-1,,A,,,V,,V,,,,47,,,,12,命名常用,元素，但企業名常用
5658,釭,091ED,Big5-1,,A,,,V,,V,,,,2,,3,,12,命名常用,
7005,釷,091F7,Big5-2,,,,,,,V,,,,2,,,,8,,釷核電\元素表
6680,釹,091F9,Big5-2,,,,,V,,V,,,,,,,,9,,釹鐵棚
6364,鈇,9207,Big5-1,,A,,,V,,V,,,,3,,3,,10,,
4463,鈎,0920E,CJK,,A,A,,,,V,,1,,,,1,,14,不分類,14 都有收
4465,鈑,9211,Big5-1,,A,A,,V,,V,,,,,,2,,14,不分類,14 都有收
5339,鈦,9226,Big5-2,,B,B,,V,,V,,,,1,,,,13,科學工程,週期表元素
5340,鈹,9239,Big5-1,,A,,,V,,V,,,,,,3,,13,科學工程,週期表元素
4473,鈺,0923A,Big5-2,,A,A,,V,,V,,,,7762,,3,,14,不分類,14 都有收
5342,鈿,0923F,Big5-1,,A,A,,V,,V,,,,51,,2,,13,姓氏、人名,公司行號多
4476,鉅,9245,Big5-1,,A,A,,V,V,V,,,,197,,2,,14,不分類,14 都有收
5992,鉈,9248,Big5-2,台、客,B,,,V,,V,,,,,,2,,11,,
5343,鉉,9249,Big5-1,,A,A,,V,,V,,,9,167,,2,,13,姓氏、人名,公司行號多
6682,鉍,0924D,Big5-1,,A,A,,V,,V,,,,3,,,,9,,
5344,鉚,0925A,Big5-1,,A,,,V,,V,,,,,,2,,13,古漢文,鉚釘
5659,鉞,0925E,Big5-2,,A,A,,V,,V,,,,45,,2,,12,命名常用,
5660,鉦,9266,Big5-2,,A,A,,V,,V,,,,326,,1,,12,命名常用,古樂器
5994,鉬,0926C,Big5-2,,C,,,V,,V,,,,,,,,11,,
6684,鉼,0927C,Big5-1,台,A,A,,V,,V,,,,,,4,,9,,
5995,銃,9283,Big5-2,台、客,A,A,,V,V,V,,,,,,1,常,11,,
5661,銑,9291,Big5-1,,A,A,,V,,V,,,,19,,1,人,12,常用詞,銑床
5996,銚,0929A,Big5-2,,,,,V,,V,,,,26,10,1,,11,,
5997,銣,092A3,Big5-2,,,,,V,,V,,,,29,,,,11,,
5998,銥,092A5,Big5-2,,C,,,V,,V,,,,8,,,,11,,
5999,銦,092A6,Big5-2,,C,,,V,,V,,,,4,,,,11,,
5346,銨,092A8,Big5-1,,A,,,V,,V,,,,61,,,,13,科學工程,NH4
6000,銫,092AB,Big5-2,,C,,,V,,V,,,,,,4,,11,,
5662,銲,092B2,Big5-1,台、客,A,,,V,V,V,,,,,,4,,12,常用詞,銲接
4492,銹,092B9,Big5-2,客語閱讀越懂,A,A,,,,V,,,,20,,2,,14,不分類,14 都有收
7015,鋃,092C3,Big5-2,,C,,,V,,V,,,,1,,,,8,,鋃鐺入獄
5663,鋇,092C7,Big5-1,,A,,,V,,V,,,1,2,,,,12,常用詞,鋇劑攝影
5664,鋌,092CC,Big5-2,,A,A,,V,,V,,,,24,,3,,12,常用詞,鋌而走險
6001,鋏,092CF,Big5-2,台,A,A,,V,,V,,,,,,2,,11,,
5347,鋐,092D0,Big5-2,,C,,,V,,V,,,,185,,4,,13,姓氏、人名,公司行號多
7016,鋦,9.20E+07,Big5-2,,,,,,,V,,,,,,,,8,,鋦瓷
5348,鋯,092EF,Big5-2,,C,,,V,,V,,,,1,,,,13,科學工程,週期表元素
5349,鋰,092F0,Big5-1,,A,A,,V,,V,,,,3,,,,13,動植物,週期表元素
7017,錒,9312,Big5-2,,,,,V,,V,,,1,,,,,8,,元素表
6002,錕,9315,Big5-1,,A,A,,V,,V,,,,99,,4,,11,,
5350,錙,9319,Big5-1,,A,,,V,,V,,,,,,2,,13,常用詞,錙銖必較
6690,錞,0931E,Big5-2,,A,A,,V,,V,,,,274,,4,,9,,
4507,錡,9321,Big5-1,,A,A,,V,,V,,,567,1090,,3,,14,不分類,14 都有收
5351,錮,0932E,Big5-1,客,A,A,,V,V,V,,,,,,2,常,13,常用詞,禁錮
6003,錵,9335,Big5-2,,,,,,,,,,,1,,2,,11,,
5665,錸,9338,Big5-2,,C,,,V,,V,,,,2,,,,12,命名常用,錸德
5352,鍔,9354,Big5-1,,A,A,,V,,V,,,,2,,1,,13,科學工程,刀鍔；似乎ACG常用
5353,鍘,9358,Big5-2,台,C,,,V,V,V,,,,,,,,13,常用詞,虎頭鍘
6005,鍶,9376,Big5-2,,C,,,V,,V,,,,12,,,,11,,
5354,鍺,0937A,Big5-2,,C,,,V,,V,,,,2,,,,13,科學工程,週期表元素
6371,鍼,0937C,Big5-2,台,,A,,V,,V,,,,7,,2,,10,,
5666,鎌,0938C,Big5-2,,A,A,,V,,,,2,,15,20,1,常,12,日文,鎌倉時代
7018,鎏,0938F,Big5-2,,B,B,,V,,V,,,,1,,4,,8,,
4528,鎗,9397,Big5-1,,A,A,,V,V,V,,,,7,,1,,14,不分類,14 都有收
5355,鎘,9398,Big5-1,,A,,,V,,V,,,,,,,,13,科學工程,週期表元素
5356,鎚,0939A,Big5-1,,A,A,,V,V,V,,,,,10,1,,13,常用詞,鐵鎚
5667,鎧,093A7,Big5-2,,A,A,,V,,V,,,,600,,1,人,12,,鎧甲
6006,鎩,093A9,Big5-2,,C,,,V,,V,,,,,,,,11,,
5357,鎬,093AC,Big5-1,,A,A,,V,,V,,,,62,,2,,13,常用詞,十字鎬
5358,鎰,093B0,Big5-1,,A,A,,V,,V,,1,,169,,2,,13,偶爾會用,以二十兩或二十四兩為一鎰。 【例】黃金百鎰
6373,鎵,093B5,Big5-2,,C,,,V,,V,,,,25,,,,10,,
6007,鏞,093DE,Big5-2,,A,A,,V,,V,,1,,71,,3,,11,,
6692,鏨,9.30E+09,Big5-1,台、客,A,,,V,,V,,,,,,2,,9,,
6008,鐐,9410,Big5-2,台、客,B,,,V,,V,,,,,,2,,11,,
5668,鐙,9419,Big5-2,,A,,,V,,V,,,,92,,1,,12,命名常用,
6693,鐧,9427,CJK,,B,,,,,V,,,,,,,,9,,殺手鐧
5360,鐫,0942B,Big5-1,,A,A,,V,,V,,,,,,2,,13,常用詞,鐫石
6694,鐶,9436,Big5-2,,B,B,,V,,V,,,,28,,2,,9,,
5669,鑊,0944A,Big5-2,客,B,B,,V,,V,,,,,,3,,12,常用詞,鑊氣、大鑊
5361,鑪,0946A,Big5-1,客,A,,,V,,V,,,,4,,2,,13,科學工程,週期表元素
4558,鑫,0946B,Big5-2,台,B,B,,V,,V,,4,,1763,,3,,14,不分類,14 都有收
6010,鑭,0946D,Big5-2,,,,,V,,V,,,,,,4,,11,科學工程,
5362,鑷,9477,Big5-1,,A,,,V,,V,,,,,,2,,13,常用詞,鑷子
5670,閎,0958E,Big5-1,,A,,,V,V,V,,,,536,,3,,12,姓氏、人名,
5363,閹,095B9,Big5-2,台、客,B,B,,V,,V,,,,,,2,,13,常用詞,閹割
6011,閾,095BE,Big5-2,,,,,V,,V,,,,,,2,,11,,
6012,闇,095C7,Big5-2,台,A,A,,V,,V,,,39,2,,1,常,11,,
6013,闍,095CD,Big5-2,,,,,V,,V,,,,,,2,,11,,
5364,闕,095D5,Big5-1,台,A,A,,V,V,V,,,8937,560,,2,,13,姓氏、人名,姓氏
7443,阨,9628,Big5-2,,C,,,V,,V,,,,,,2,,7,,困阨
5365,陂,9642,Big5-1,台、客,A,A,,V,,V,,,,,,2,,13,常用詞,陂塘
7030,陘,9658,Big5-1,,A,,,V,,V,,,,,,3,,8,,
6014,陜,0965C,Big5-2,,A,A,,V,,V,,1,,,,2,,11,,
4613,陞,0965E,Big5-1,台,A,A,,V,,V,,,,833,,2,,14,不分類,14 都有收
5671,陟,0965F,Big5-2,,A,A,,V,,V,,,,6,1,2,,12,偶爾會用,陟罰臧否
5366,陬,0966C,Big5-1,,A,,,V,,V,,,,,,2,,13,古漢文,山陬海隅
5673,隄,9684,Big5-1,,A,,,V,,V,,,,6,,3,,12,命名常用,
6015,隈,9688,Big5-2,,A,,,V,,V,,,,1,22,1,人,11,日文,日文常見人名與地名
7032,隰,096B0,Big5-2,,B,,,V,,V,,,,,,2,,8,,
6374,隹,096B9,Big5-1,,A,,,V,,V,,,,,,2,,10,,
4646,隼,096BC,Big5-2,,A,A,,V,,V,,,,11,1,1,人,14,不分類,14 都有收
6375,雎,096CE,Big5-2,,,A,,V,,V,,,5,1,,2,,10,古漢文,關雎
7033,雒,096D2,Big5-1,,A,,,V,,V,,,20,1,,3,,8,,
5674,雩,9.60E+10,Big5-1,,A,A,,V,,V,,,,20,,3,,12,命名常用,
6017,雰,096F0,Big5-2,,,A,,V,,V,,,,162,,1,常,11,,
5367,霈,9708,Big5-2,,B,,,V,,V,,,,1026,,2,,13,常用詞,甘霈、人名常用
7034,霙,9719,Big5-2,,A,A,,,,V,,,1,313,,2,,8,,
6699,霤,9724,Big5-1,,A,,,V,,V,,,,,,2,,9,,
5368,霰,9730,Big5-1,,A,A,,V,,V,,,,4,,2,,13,常用詞,冰霰
5369,靚,0975A,Big5-2,客,B,B,,V,,V,,,,311,,3,,13,常用詞,靚女
5676,靳,9773,Big5-2,台,A,A,,V,,V,,,1390,65,,3,,12,史地用字,
7036,韉,097C9,Big5-1,,A,,,V,,V,,,,,,3,,8,,
6020,頇,9807,Big5-2,台,C,,,V,,V,,,,,,,,11,,
5370,頜,0981C,Big5-1,,A,A,,V,,V,,,,,,,,13,科學工程,構成口腔上下部位的骨骼、肌肉組織稱為「頜」，分為上頜、下頜。
5677,頫,0982B,Big5-1,,A,,,V,,V,,,,9,,3,,12,,時代力量江冠頫
5679,顢,9862,Big5-2,台,C,,,V,,V,,,,,,,,12,常用詞,顢頇
5371,顥,9865,Big5-1,,A,A,,V,,V,,,,488,,3,,13,姓氏、人名,崔顥
6383,顳,9873,Big5-2,,C,,,V,,V,,,,,,2,,10,,
5372,顴,9874,Big5-2,台,C,,,V,,V,,,,,,2,,13,常用詞,顴骨
4774,飆,098C6,Big5-2,台、客,B,B,,V,V,V,,,,1,,2,,14,不分類,14 都有收
4797,餚,0991A,Big5-1,客,A,A,,V,V,V,,,,,,4,,14,不分類,14 都有收
6021,餬,0992C,Big5-2,,B,,,V,,V,,,,,,2,,11,,
4802,餮,0992E,Big5-1,,A,,,V,,V,,,,,,2,,14,不分類,14 都有收
5680,饃,9943,Big5-2,,,,,V,,V,,,,,,,,12,食物,饃夾肉
6022,饈,9948,Big5-2,,C,,,V,V,V,,,,,,,,11,,珍饈
5681,饉,9949,Big5-1,,A,A,,V,,V,,,,,,2,,12,常用詞,饑饉
4808,饋,0994B,Big5-2,台,A,A,,V,V,V,,,,1,,2,,14,不分類,14 都有收
5373,饌,0994C,Big5-2,,A,A,,V,,V,,,,,,2,,13,常用詞,有酒食，先生饌
4811,饕,9955,Big5-1,,A,,,V,,V,,,,,,2,,14,不分類,14 都有收
4812,饗,9957,Big5-1,台,A,A,,V,V,V,,,,,,1,人,14,不分類,14 都有收
17242,饢,9962,CJK,,,,,,,,,,,,,,,1,,印度餅
5682,馗,9997,Big5-2,,B,B,,V,,V,,,,10,,2,,12,常用詞,鍾馗
4840,騏,09A0F,Big5-2,,A,A,,V,,V,,,,613,,2,,14,不分類,14 都有收
6023,騮,09A2E,Big5-2,,B,B,,V,,V,,,,2,,3,,11,,
6388,騵,09A35,Big5-1,,A,,,V,,V,,,,16,,,,10,,
5374,驁,09A41,Big5-2,,C,,,V,,V,,,,,,,,13,常用詞,桀驁不馴
5375,驊,09A4A,Big5-2,,B,B,,V,,V,,,,655,,3,,13,姓氏、人名,驊訊
5376,驍,09A4D,Big5-1,台,A,A,,V,V,V,,,,7,,2,人,13,常用詞,驍勇善戰
6024,驤,09A64,Big5-2,,C,,,V,,V,,,,33,,2,,11,,
8993,骾,09ABE,Big5-2,,,,,V,,V,,,,,,,,5,,如骾在喉
6389,髀,09AC0,Big5-2,客,,B,,V,,V,,,,,,2,,10,,
6025,髁,09AC1,Big5-1,,A,,,V,,V,,,,,,3,,11,,
6390,髂,09AC2,Big5-2,,B,,,V,,V,,,,,,,,10,,
6391,髑,09AD1,Big5-1,,A,,,V,,V,,,,,1,2,,10,,
7045,髕,09AD5,Big5-2,,C,,,V,,V,,,,,,4,,8,,髕骨
5377,髖,09AD6,Big5-1,,A,A,,V,,V,,,,,,3,,13,常用詞,髖關節
7046,髡,09AE1,Big5-1,台,A,,,V,,V,,,,,,,,8,,
6707,髫,09AEB,Big5-2,,,,,V,,V,,,,,,2,,9,,"髫稚(幼童;幼稚);髫草(指小兒,幼童);髫兒(幼童,小孩);髫歲(幼年,童年);髫發(小兒垂發。引申為童年之稱);髫齒"
6709,鬈,09B08,Big5-2,,C,,,V,,V,,,,,,3,,9,,"建議將「鬈」由命名包移至基本包。
「鬈」詞例有「鬈髮」「鬈毛」等。
兩岸語音標準皆作ㄑㄩㄢˊ，但台灣習慣讀作ㄐㄩㄢˇ（《廣韻》：鬈「又音捲」，ㄐㄩㄢˇ音亦有所依據），使得字音輸入多以「捲」「卷」替代。事實上，「捲」不作形容詞使用，而「卷」表示彎曲義時應讀ㄑㄩㄢˊ，此時語義及音讀皆與「鬈」基本相同，只不過「鬈」專指毛髮。
就文字功能性而言，「鬈」字有必要收錄於基本包。"
5378,鬟,09B1F,Big5-2,,C,,,V,V,V,,,,,,2,,13,常用詞,丫鬟
5379,鬣,09B23,Big5-1,,A,,,V,,V,,,,,,2,,13,動植物,鬣犬
6026,鬩,09B29,Big5-2,,B,,,V,,V,,,,,,2,,11,,
5684,鬻,09B3B,Big5-2,,,,,V,V,V,,,,,,2,,12,古漢文,
13401,魈,09B48,Big5-2,,,,,V,,V,,,,,,,,2,,"建議基本包收錄「魈」。
中研院現代漢語語料庫詞頻統計「山魈(Na)」詞頻7次（排序36388）。該詞之兩種意義涉分別及民間文學/神話與當代動物學等不同領域，「魈」字也在流行文化中頻繁出現（如小說、遊戲等）。"
5381,魍,09B4D,Big5-1,台,A,,,V,,V,,,,,,2,,13,常用詞,魑魅魍魎
5382,魎,09B4E,Big5-1,,A,,,V,,V,,,,,,2,,13,常用詞,魑魅魍魎
5383,魑,09B51,Big5-1,,A,,,V,,V,,,,,,2,,13,常用詞,魑魅魍魎
6027,魟,09B5F,Big5-2,,C,,,,,V,,,,,,,,11,,
5384,魠,09B60,Big5-2,台,C,,,V,,V,,,,,,,,13,常用詞,土魠魚
6028,魩,09B69,CJK,台,,,,,,,,,,,,,,11,,
6029,魴,09B74,Big5-2,台,C,,,V,,V,,,,1,,2,,11,,
6713,魽,09B7D,Big5-2,台,C,,,,,,,,,,,,,9,,
6715,鮒,09B92,Big5-2,,A,,,V,,V,,,,,,1,,9,,
13407,鮕,09B95,Big5-2,台,,,,,,,,1,,,,,,2,,地名 大鮕鮘
8105,鮘,09B98,CJK,台,,,,,,,,1,,,,,,6,,地名、大鮕鮘
6716,鮟,09B9F,CJK,,A,A,,,,V,,,,,,2,,9,,鮟鱇魚
6030,鮨,09BA8,Big5-2,,,,,V,,V,,,,,,2,,11,,
4897,鮭,09BAD,Big5-1,,A,,,V,V,V,,,,,1,1,,14,不分類,14 都有收
6717,鯀,09BC0,Big5-1,,A,,,V,,V,,,,,,2,,9,,
6718,鯁,09BC1,Big5-2,,C,,,V,,V,,,,,,3,,9,,如鯁在喉
6031,鯈,09BC8,Big5-1,,A,,,V,,V,,,,,,,,11,,
6394,鯓,09BD3,Big5-2,,C,,,V,,V,,1,,,,,,10,台灣地名,鯤鯓
6032,鯔,09BD4,Big5-2,,C,,,V,,V,,,,,,2,,11,,
4901,鯖,09BD6,Big5-1,,A,A,,V,,V,,,,,1,1,,14,不分類,14 都有收
4902,鯛,09BDB,Big5-1,,A,,,V,,V,,,,,2,1,人,14,不分類,14 都有收
7462,鯝,09BDD,CJK,,C,,,,V,,,,,,,4,,7,,鯝魚
5685,鯡,09BE1,Big5-2,,C,,,,,V,,,,,,2,,12,動植物,鯡魚罐頭
5686,鯤,09BE4,Big5-2,,A,A,,V,,V,,2,,11,,2,,12,台灣地名,鯤鯓
6719,鯪,09BEA,Big5-2,台,B,B,,V,,V,,,,,,4,,9,,
5385,鯰,09BF0,Big5-2,台,B,,,V,,V,,,,,,2,,13,常用詞,鯰魚
6395,鯷,09BF7,Big5-2,,C,,,V,,V,,,,,,4,,10,,
6033,鰂,09C02,CJK,,,,,,,V,,,,,,,,11,,
5687,鰆,09C06,Big5-2,,B,,,,,,,,,,,2,,12,,
5386,鰈,09C08,Big5-2,,B,,,V,,V,,,,,,2,,13,常用詞,鶼鰈情深
6720,鰕,09C15,CJK,,A,A,,,,V,,,,,,2,,9,,陽明山吻鰕虎
6721,鰤,09C24,Big5-2,,,,,,,,,,,,,2,,9,,鰤魚壽司
4910,鰲,09C32,Big5-2,,A,A,,V,,V,,14,,5,,2,,14,不分類,14 都有收
4911,鰹,09C39,Big5-2,,A,,,V,,V,,,,,,1,,14,不分類,14 都有收
6725,鱇,09C47,CJK,,A,A,,,,V,,,,,,2,,9,,鮟鱇魚
5388,鱈,09C48,Big5-2,台,A,,,V,,V,,,,1,6,1,,13,動植物,鱈魚
4915,鱒,09C52,Big5-2,,A,,,V,V,V,,,,,1,1,人,14,不分類,14 都有收
5689,鱘,09C58,Big5-2,,B,B,,V,,V,,,,,1,4,,12,,
6034,鱟,09C5F,Big5-1,台,A,,,V,,V,,,,,,4,,11,,
6035,鱧,09C67,Big5-2,,B,,,V,,V,,,,,,2,,11,,
6036,鱲,09C72,CJK,台,B,,,,,,,,,,,4,,11,,
5389,鱺,09C7A,Big5-2,台,C,,,V,,V,,,,,,4,,13,動植物,鱺魚
6037,鳧,09CE7,Big5-2,,A,A,,V,,V,,,,,,2,,11,,
6396,鴃,09D03,Big5-1,客,A,,,V,,V,,,,,,2,,10,,
5690,鴇,09D07,Big5-2,,A,,,V,,V,,,,,,1,,12,常用詞,老鴇
6038,鴞,09D1E,Big5-2,台,C,,,V,,V,,,,,,3,,11,,
7049,鴟,09D1F,Big5-2,台,,,,,,V,,,,,,2,,8,,鴟鴞 bā-hio̍h ㄔ ㄒㄧㄠ
9891,鴴,09D34,CJK,,,,,,,,,,,,,,,4,,高蹺鴴
5390,鵜,09D5C,Big5-2,,A,,,V,,V,,,,,1,1,人,13,動植物,鵜鶘
5691,鵯,09D6F,Big5-2,,B,,,V,,V,,,,,,2,,12,,
5391,鵰,09D70,Big5-2,台,B,B,,V,V,V,,,,1,,3,,13,動植物,大鵰
4942,鶇,09D87,Big5-2,,C,,,,V,,,,,,,2,,14,不分類,14 都有收
5392,鶘,09D98,Big5-2,,C,,,V,,V,,,,,,,,13,動植物,鵜鶘
6039,鶚,09D9A,Big5-2,,C,,,V,,V,,,,,,2,,11,,
5393,鶩,09DA9,Big5-2,,A,A,,V,,V,,,,,,2,,13,動植物,趨之若鶩」
6727,鶸,09DB8,Big5-1,,A,,,,,,,,,,,2,,9,,
7053,鶺,09DBA,Big5-2,台、客,B,,,V,,V,,,,,,2,,8,,
7475,鶼,09DBC,Big5-2,,C,,,V,,V,,,,,,3,,7,,鶼鰈情深
4950,鷲,09DF2,Big5-2,,A,A,,V,V,V,,,,1,3,1,人,14,不分類,14 都有收
17561,鷳,09DF3,Big5-2,,,,,,,V,,,,3,,,,1,,
7057,鷴,09DF4,Big5-2,,C,,,,,V,,,,,,4,,8,,
6040,鷸,09DF8,Big5-2,,A,A,,V,V,V,,,,1,,2,,11,,
6041,鸛,09E1B,Big5-1,,A,,,V,V,V,,,,2,,2,,11,,
5394,鸝,09E1D,Big5-2,,C,,,V,V,V,,,,15,,4,,13,動植物,黃鸝
5395,鹵,9.00E+75,Big5-1,客,A,A,,V,,V,,,,,,2,,13,常用詞,部首、鹵素
6731,黌,09ECC,Big5-1,,A,,,V,,V,,,,13,,2,,9,,
5693,黐,09ED0,Big5-2,台,,B,,V,,V,,,,,,2,,12,粵語,黐線
5694,黥,09EE5,Big5-2,,B,,,V,,V,,,,,,2,,12,地理社會,黥面
6044,黹,09EF9,Big5-2,台,,,,V,,V,,,,1,,2,,11,台語,
6397,黽,09EFD,Big5-2,,C,,,V,,V,,,,,,2,,10,,
8126,鼐,09F10,Big5-2,,B,,,V,,V,,,,18,,3,,6,,調和鼎鼐
5396,鼯,09F2F,Big5-1,,A,,,V,,V,,,,,,4,,13,常用詞,鼯鼠
5397,齁,09F41,Big5-2,台,,,,V,,V,,,,,,4,,13,狀聲詞,陳時中常用詞
5398,齧,09F67,Big5-1,台、客,A,A,,V,,V,,,,,,2,,13,常用詞,齧齒類
5698,龕,09F95,Big5-2,台、客,A,A,,V,V,V,,,,,,2,,12,,神龕
17874,𩵚,29D5A,ExtB,,,,,,,,,,,,,,,1,,"𩵚 常見於小吃店的訛字／
建議收錄「𩵚」於基本包，常用詞彙為「𩵚魠（魚）」。
 目前台灣教育部國語辭典條目有「土魠魚」、「土托魚」，閩南語辭典條目收「塗魠」，但不論作土魠/土托/塗魠，可能僅為借用字。民間習寫為「𩵚魠」亦無不可，且偏旁類化從魚之字形更為常見。過去因Big-5無「𩵚」，進入數位打字時代才多用「土」代之。
 今「魠」字既已列入基本包，則該字最常配搭之「𩵚」字應一併收錄為妥。"
